id,name,Y,X,category,address,zoom,short_text,full_text,images,audio,route_ids,source
001,绍兴县馆,2421,1412,居住地,宣武门外南半截胡同路西（现门牌 7 号，属北京宣武区文物保护单位）,1,绍兴县馆（1912.5.6-1919.11.21（居住 7 年半））,<strong>地点名称：</strong>绍兴县馆<br><strong>详细地址：</strong>宣武门外南半截胡同路西（现门牌 7 号，属北京宣武区文物保护单位）<br><strong>地点类型：</strong>居住地<br><strong>时间段：</strong>1912.5.6-1919.11.21（居住 7 年半）<br><strong>相关历史事件：</strong>新文化运动<br><strong>主要活动：</strong>1. 1912.5.6 从长发客栈迁入，初住藤花馆西房，1916.5.6 因邻居喧哗移入补树书屋；2. 1918 年钱玄同多次到访，引发《狂人日记》创作，首次大规模以 “鲁迅” 笔名公开发表；3. 辑校《嵇康集》《谢承后汉书》等古籍，研究金石学，频繁出入琉璃厂购拓片（1915-1919 年购五千至六千件）； 1917 年周作人到京后同住补树书屋，鲁迅白天协助其筹备教学，夜间修改北大《欧洲文学史》讲义草稿<br><strong>相关人物：</strong>钱玄同、周作人、许寿裳、李慈铭<br><strong>现状说明：</strong>1. “藤花馆已改建；补树书屋前槐树于近代不存（资料记载为1949年被雷击）；2. 鲁迅住室大体位置未变；3. 现为居民大杂院，属宣武区文物保护单位<br><strong>相关作品：</strong>《狂人日记》《孔乙己》《药》《明天》（小说）；《我之节烈观》《我们现在怎样做父亲》（杂文）；《嵇康集》（校勘）；《呐喊?自序》<br><strong>备注：</strong>居住 7 年半,,,,《鲁迅与他的北京》
002,八道湾 11 号,5442,2108,居住地,西直门内公用库八道湾（进胡同 50 米后开阔处）,1,八道湾 11 号（1919.11.21-1923.8.2（居住近 4 年））,<strong>地点名称：</strong>八道湾 11 号<br><strong>详细地址：</strong>西直门内公用库八道湾（进胡同 50 米后开阔处）<br><strong>地点类型：</strong>居住地<br><strong>时间段：</strong>1919.11.21-1923.8.2（居住近 4 年）<br><strong>相关历史事件：</strong>五四运动<br><strong>主要活动：</strong>1. 1919 年觅屋 15 次，8 月从罗姓手中购屋，11 月 4 日收房，11 月 21 日与周作人夫妇迁入，12 月接母亲、朱安及周建人一家同住，修缮时接入自来水系统；2. 1921 年创作《阿 Q 正传》，出版首部小说集《呐喊》；3. 1922 年译俄国盲诗人爱罗先珂在北大平民夜校演唱的歌词《俄国的豪杰》；4. 因与周作人家庭矛盾和兄弟决裂，1923 年夏离开<br><strong>相关人物：</strong>周作人、羽太信子、胡适、毛泽东<br><strong>现状说明：</strong>1. 周作人一家住至 “文革” 后，1985 年周丰一搬走；2. 院门、隔墙已拆，院内盖小厨房，主建筑未变；3. 1996 年有关部门决定保留院落，后续住户已搬迁<br><strong>相关作品：</strong>《阿 Q 正传》《风波》《头发的故事》《故乡》（小说）；《呐喊》（小说集）；《鸭的喜剧》（短篇小说）；《中国小说史略》（上卷）<br><strong>备注：</strong>居住近 4 年,,,,《鲁迅与他的北京》
003,砖塔胡同 61 号（现 84 号）,4263,1260,居住地,西四南大街丁字路口南侧（万松老人塔旁，砖塔胡同为北京最古老胡同之一）,1,砖塔胡同 61 号（现 84 号）（1923.8.2-1924.5.25（居住 9 个多月））,<strong>地点名称：</strong>砖塔胡同 61 号（现 84 号）<br><strong>详细地址：</strong>西四南大街丁字路口南侧（万松老人塔旁，砖塔胡同为北京最古老胡同之一）<br><strong>地点类型：</strong>居住地<br><strong>时间段：</strong>1923.8.2-1924.5.25（居住 9 个多月）<br><strong>相关历史事件：</strong>女师大风潮<br><strong>主要活动：</strong>1. 1923.8.2 因兄弟失和迁入，住 3 间北房，俞家姐妹住西房，东房为女工住室及公用厨房；2. 1923.9-11 患肺病（病程 40 天），病中坚持创作；3. 1924 年春写《祝福》《在酒楼上》等小说，完成《娜拉走后怎样》《未有天才之前》讲演稿；4. 1923.10 底找好西三条房子，办理买房手续并修缮，1924.5.25 迁出<br><strong>相关人物：</strong>许羡苏、俞芬、俞芳、马幼渔<br><strong>现状说明：</strong>1. 朝北大门改朝西，门道改住房；2. 原三间北房已于1981年拆除并重建（原貌改动较大）；3. 现为民居，原貌改动大但属重要遗迹<br><strong>相关作品：</strong>《祝福》《在酒楼上》《幸福的家庭》《肥皂》（小说）；《娜拉走后怎样》《未有天才之前》（讲演稿）；《嵇康集》（校勘）；《中国小说史略》（下卷）<br><strong>备注：</strong>居住 9 个多月,,,,《鲁迅与他的北京》
004,西三条 21 号,4540,975,居住地,阜成门内大街路北（东近白塔寺，占地近 400 平方米）,1,西三条 21 号（1924.5.25-1926.8.26（居住 2 年 3 个月）；、）,<strong>地点名称：</strong>西三条 21 号<br><strong>详细地址：</strong>阜成门内大街路北（东近白塔寺，占地近 400 平方米）<br><strong>地点类型：</strong>居住地<br><strong>时间段：</strong>1924.5.25-1926.8.26（居住 2 年 3 个月）；、<br><strong>相关历史事件：</strong>三一八惨案<br><strong>主要活动：</strong>1. 1923.10.30 购屋（借款 800 元，向许寿裳、齐寿山各借 400 元），亲自绘施工草图改建；2. 1924.5.25 迁入，北房堂屋接 “老虎尾巴” 作工作室；3. 1925 年支持女师大风潮，任校务维持会成员，在宗帽胡同 33 号（原 14 号）临时校舍义务授课，课时增至双倍；4. 1926 年 “三?一八” 惨案后写《纪念刘和珍君》，后避难山本医院；5. 1926.8.26 离京南下厦门；6. 1932.11 回平探亲时在院中桂花树下留影<br><strong>相关人物：</strong>许广平、刘和珍、齐寿山、司徒乔<br><strong>现状说明：</strong>1950 年 2 月文化部接管，3 月许广平捐文物；1951 年郭沫若题 ‘鲁迅故居’，1956 年东侧建鲁迅博物馆；1979 年 8 月列为市级文保单位<br><strong>相关作品：</strong>《野草》（散文诗全集）；《彷徨》（含《长明灯》《离婚》等 7 篇）；《华盖集》《华盖集续编》（杂文集）；《纪念刘和珍君》《死地》（杂文）<br><strong>备注：</strong>居住 2 年 3 个月,,,,《鲁迅与他的北京》
005,教育部,3406,1463,工作地,原清政府学部旧址，西单南面路西（原敬谨亲王府，现武警西单招待所）,1,教育部（1912.5.6-1926.8.26（任职 14 年））,<strong>地点名称：</strong>教育部<br><strong>详细地址：</strong>原清政府学部旧址，西单南面路西（原敬谨亲王府，现武警西单招待所）<br><strong>地点类型：</strong>工作地<br><strong>时间段：</strong>1912.5.6-1926.8.26（任职 14 年）<br><strong>相关历史事件：</strong>新教育改革与文化保护<br><strong>主要活动：</strong>1. 任社会教育司第一科科长、“荐任佥事”，分管博物馆、图书馆、美术、文艺事务；2. 1912 年主讲 “夏期讲演会”《美术略论》，1913 年拟《播布美术意见书》；3. 筹建图书馆、博物馆，参与设计国徽、统一注音字母；4. 1925 年因支持女师大风潮被章士钊免职，后胜诉复职<br><strong>相关人物：</strong>蔡元培、夏曾佑、齐寿山、许寿裳<br><strong>现状说明：</strong>1. 原建筑大部分拆除，仅存后罩房二层小楼及部分长廊；2. 现改为武警西单招待所，红漆大门、石狮子保留<br><strong>备注：</strong>任职 14 年,,,,《鲁迅与他的北京》
006,京师图书馆（含广化寺、国子监南学址）,5445,3151,工作地,1. 初址：什刹海后海北岸广化寺（1912.8-1917.1）；2. 迁址：方家胡同国子监南学（1917.1-1928）,1,京师图书馆（含广化寺、国子监南学址）（1912.8-1926.8（主管与视察））,<strong>地点名称：</strong>京师图书馆（含广化寺、国子监南学址）<br><strong>详细地址：</strong>1. 初址：什刹海后海北岸广化寺（1912.8-1917.1）；2. 迁址：方家胡同国子监南学（1917.1-1928）<br><strong>地点类型：</strong>工作地<br><strong>时间段：</strong>1912.8-1926.8（主管与视察）<br><strong>相关历史事件：</strong>清末图书馆运动<br><strong>主要活动：</strong>1. 主管图书馆事务，多次赴广化寺视察，阅敦煌石室唐人写经、宋元刻本；2. 推动馆藏扩充，协调调入国子监南学藏书、承德文津阁《四库全书》；3. 1913 年参与迁馆选址，1917 年 1 月参加方家胡同新馆开馆典礼；4. 推荐宋紫佩 1913 年到京师图书分馆工作<br><strong>相关人物：</strong>江瀚、缪荃孙、宋紫佩<br><strong>现状说明：</strong>1. 广化寺现为北京市佛教协会办公地，主体建筑保存；2. 方家胡同国子监南学旧址现被方家胡同小学、北京第一四三中学占用，原 “京师图书馆” 门额存校内<br><strong>备注：</strong>主管与视察,,,,《鲁迅与他的北京》
007,通俗图书馆,3213,1476,工作地,1. 初址：宣武门内路西（1913.10-1917.8）；2. 迁址：中央公园大殿（今中山公园中山堂，1917.8-1919）；3. 再迁址：宣武门内头发胡同 22 号（原清朝翰林讲习馆旧址，1919 后）,1,通俗图书馆（1913.10-1926.8（主管与检查））,<strong>地点名称：</strong>通俗图书馆<br><strong>详细地址：</strong>1. 初址：宣武门内路西（1913.10-1917.8）；2. 迁址：中央公园大殿（今中山公园中山堂，1917.8-1919）；3. 再迁址：宣武门内头发胡同 22 号（原清朝翰林讲习馆旧址，1919 后）<br><strong>地点类型：</strong>工作地<br><strong>时间段：</strong>1913.10-1926.8（主管与检查）<br><strong>相关历史事件：</strong>新文化运动<br><strong>主要活动：</strong>1. 1913 年 10 月参与创办，分普通图书、儿童图书两类，附设儿童体育场；2. 1914 年同徐吉轩到馆小坐、同许季上检阅小说，多次到馆检查工作；3. 向馆内赠《炭画》《新青年》等书；4. 1919 年后与通俗教育馆共用宣武门内头发胡同 22 号部分场所<br><strong>相关人物：</strong>王仲猷、徐吉轩、许季上<br><strong>现状说明：</strong>1. 头发胡同 22 号旧址现为北京京剧院宿舍，四合院格局保留；2. 中央公园大殿现为中山堂<br><strong>备注：</strong>主管与检查,,,,《鲁迅与他的北京》
008,国子监（含历史博物馆筹备处）,5461,3147,工作地,安定门内成贤街（元明清三朝最高学府）,1,国子监（含历史博物馆筹备处）（1912–1918 年为密集阶段，）,<strong>地点名称：</strong>国子监（含历史博物馆筹备处）<br><strong>详细地址：</strong>安定门内成贤街（元明清三朝最高学府）<br><strong>地点类型：</strong>工作地<br><strong>时间段：</strong>1912–1918 年为密集阶段，<br><strong>相关历史事件：</strong>民国初期社会变革<br><strong>主要活动：</strong>1. 1912 年 7 月考察，拟设历史博物馆，1914 年 6 月正式设立筹备处，负责文物搜集；2. 无偿捐赠瓦当、大镜等文物，1913 年为莱比锡 “万国博览会” 筹备展品并深夜守护；3. 1918 年整理 “大内档案”，揭露官僚失职；4. 因祭孔、检查博物馆事务频繁前往，1925 年 4 月带女师大学生参观<br><strong>相关人物：</strong>马衡、傅增湘、女师大学生<br><strong>现状说明：</strong>1. 现为国子监博物馆，建筑修饰一新；2. 历史博物馆筹备处痕迹无存，原址划入国子监景区<br><strong>备注：</strong>密集阶段,,,,《鲁迅与他的北京》
009,孔庙（与国子监关联公务）,5440,3198,工作地,国子监东侧（元明清祭祀孔子场所）,1,孔庙（与国子监关联公务）（1912.6-1924. 秋（公务参与））,<strong>地点名称：</strong>孔庙（与国子监关联公务）<br><strong>详细地址：</strong>国子监东侧（元明清祭祀孔子场所）<br><strong>地点类型：</strong>工作地<br><strong>时间段：</strong>1912.6-1924. 秋（公务参与）<br><strong>相关历史事件：</strong>民国初期社会变革<br><strong>主要活动：</strong>1. 1912 年 6 月随教育部考察，为筹备历史博物馆查看古物；2. 1913-1924 年每年春秋 “丁祭” 时，被派任执事，传递 “帛”“爵” 等祭品，同事钱稻荪回忆 “举案齐眉” 递祭品；3. 日记中批判祭孔仪式 “荒陋可悼叹”<br><strong>相关人物：</strong>钱稻荪、教育部同事<br><strong>现状说明：</strong>1. 1981 年后重修并作为文物保护单位开放，不属于首都博物馆馆址。1989 年起举办祭孔表演；2. 保留进士题名碑，大成殿外月台为祭孔表演场地<br><strong>备注：</strong>公务参与,,,,《鲁迅与他的北京》
010,故宫（含午门、三大殿、古物陈列所）,3987,2440,工作地,北京城正中（明清皇宫）,1,故宫（含午门、三大殿、古物陈列所）（1917.2-1925.7（公务与检查））,<strong>地点名称：</strong>故宫（含午门、三大殿、古物陈列所）<br><strong>详细地址：</strong>北京城正中（明清皇宫）<br><strong>地点类型：</strong>工作地<br><strong>时间段：</strong>1917.2-1925.7（公务与检查）<br><strong>相关历史事件：</strong>民国初期社会变革<br><strong>主要活动：</strong>1. 1917 年 2 月考察午门，拟设图书馆，12 月检查午门图书馆工作；2. 1920 年清理午门德文书（欧战战利品）；3. 1925 年 7 月到太和殿、保和殿检查沈阳文溯阁《四库全书》，筹备启运；4. 1914 年起关注古物陈列所（武英殿、文华殿），1917 年陪周作人参观<br><strong>相关人物：</strong>齐寿山、朱启铃、周作人<br><strong>现状说明：</strong>1. 午门、三大殿划入故宫博物院，对公众开放；2. 古物陈列所并入故宫，武英殿、文华殿保留<br><strong>备注：</strong>公务与检查,,,,《鲁迅与他的北京》
011,天坛,2054,2732,工作地,北京城南（明清皇帝祭天场所）,1,天坛（1912.6.14（考察公务））,<strong>地点名称：</strong>天坛<br><strong>详细地址：</strong>北京城南（明清皇帝祭天场所）<br><strong>地点类型：</strong>工作地<br><strong>时间段：</strong>1912.6.14（考察公务）<br><strong>相关历史事件：</strong>民国初期社会变革<br><strong>主要活动：</strong>受教育部委派，与梅光羲、胡玉播考察，评估是否可改作公园，查看场地规模、建筑状况，形成考察意见（后因部门争议，公园议案停顿）<br><strong>相关人物：</strong>梅光羲、胡玉播<br><strong>现状说明：</strong>1. 1919 年正式开放为公园；2. 现为天坛公园，祈年殿、圜丘等建筑保存完好，“北圆南方” 格局保留<br><strong>备注：</strong>考察公务,,,,《鲁迅与他的北京》
012,先农坛,2019,2317,工作地,天坛隔街相对（明清祭祀先农场所）,1,先农坛（1912.6.14、1913.1.1（考察与公务））,<strong>地点名称：</strong>先农坛<br><strong>详细地址：</strong>天坛隔街相对（明清祭祀先农场所）<br><strong>地点类型：</strong>工作地<br><strong>时间段：</strong>1912.6.14、1913.1.1（考察与公务）<br><strong>相关历史事件：</strong>民国初期社会变革<br><strong>主要活动：</strong>1. 1912 年 6 月与天坛同期考察，评估改公园可行性；2. 1913 年 1 月 1 日 “共和纪念日”，因古物保存所开放，赴场查看（属教育部社会教育司公务范畴），日记记 “同季市游先农坛，但人多耳”<br><strong>相关人物：</strong>梅光羲、胡玉播、许寿裳<br><strong>现状说明：</strong>1. 1915 年开放为城南公园；2. 现内设古代建筑博物馆，观耕台、太岁殿等保存<br><strong>备注：</strong>考察与公务,,,,《鲁迅与他的北京》
013,北京大学,4436,2624,教书地,1. 一院（沙滩红楼）；2. 二院（马神庙四公主府）；3. 三院（北河沿译学馆）,1,北京大学（1920.8-1926.8（任教））,<strong>地点名称：</strong>北京大学<br><strong>详细地址：</strong>1. 一院（沙滩红楼）；2. 二院（马神庙四公主府）；3. 三院（北河沿译学馆）<br><strong>地点类型：</strong>教书地<br><strong>时间段：</strong>1920.8-1926.8（任教）<br><strong>相关历史事件：</strong>五四运动后思想解放<br><strong>主要活动：</strong>1. 1920.8 接受聘书，主讲《中国小说史》《文艺理论》，自编讲义；2. 1925 年联名发表《反对章士钊的宣言》，支持进步师生；3. 1929.5 返校演讲（讲题失记），1932.11 作《帮忙文学和帮闲文学》演讲；4. 指导新潮社、春光社等文学团体，为《国学季刊》《歌谣周刊》设计封面<br><strong>现状说明：</strong>1. 红楼已为新文化运动纪念馆 / 文物保护单位，二层教室为鲁迅讲学相关陈列点；2. 二院（原和嘉公主府）近代长期由人民教育出版社等单位使用，近年部分修缮并作为‘北大二院旧址’类博物馆/文化场所对外展示（原公主府大殿等遗存保存）；3. 三院现为民政部，原建筑已拆<br><strong>相关作品：</strong>《中国小说史略》（基于讲义成书）；《我观北大》（1925 年为北大 27 周年作）；《帮忙文学和帮闲文学》（演讲）<br><strong>备注：</strong>任教,,,,《鲁迅与他的北京》
014,北京师范大学（原京师优级师范学堂）,2873,1847,教书地,1. 琉璃厂五城学堂旧址；2. 和平门外现址,1,北京师范大学（原京师优级师范学堂）（1920.12-1925.6（任教）；）,<strong>地点名称：</strong>北京师范大学（原京师优级师范学堂）<br><strong>详细地址：</strong>1. 琉璃厂五城学堂旧址；2. 和平门外现址<br><strong>地点类型：</strong>教书地<br><strong>时间段：</strong>1920.12-1925.6（任教）；<br><strong>相关历史事件：</strong>五四运动后思想解放<br><strong>主要活动：</strong>1. 1920.12 受聘于北京高等师范学校，主讲《中国小说史》；2. 1924.1 作《未有天才之前》演讲，强调 “培养天才的泥土”；3. 1925 年支持师大学生 “沪案后援会”，捐款并题封面；4. 1929.6 作革命文学相关演讲，1932.11 作《再论 “第三种人”》演讲（露天操场，听众 2000 余人）<br><strong>现状说明：</strong>1. 和平门外旧校舍部分保留（如丁字楼宿舍）；2. 1958 年迁北太平庄新址，原校址多为新建建筑<br><strong>相关作品：</strong>《未有天才之前》《再论 “第三种人”》（演讲）；为《五卅惨案周年纪念册》题写封面<br><strong>备注：</strong>任教,,,,《鲁迅与他的北京》
015,北京女子师范大学（现北京 158 中学）,3370,1333,教书地,宣武门内石驸马大街（现新文化街）,1,北京女子师范大学（现北京 158 中学）（1923.7-1926.8（任教））,<strong>地点名称：</strong>北京女子师范大学（现北京 158 中学）<br><strong>详细地址：</strong>宣武门内石驸马大街（现新文化街）<br><strong>地点类型：</strong>教书地<br><strong>时间段：</strong>1923.7-1926.8（任教）<br><strong>相关历史事件：</strong>五四运动后思想解放<br><strong>主要活动：</strong>1. 1923.7 任讲师，1926.2 任教授，主讲小说史、文艺理论；2. 1925 年支持学生 “驱杨运动”，起草《对于北京女子师范大学风潮宣言》；3. 参与校务维持会，在宗帽胡同临时校舍授课；4. 1926 年 “三?一八” 惨案后，悼念刘和珍、杨德群烈士<br><strong>现状说明：</strong>1. 现为民办中学，校园建筑（灰色楼房、礼堂）保存完好；2. 礼堂辟为 “鲁迅生平展览” 室，院中矗立 “三?一八” 烈士纪念碑<br><strong>相关作品：</strong>《“公理” 的把戏》《我的 “籍” 和 “系”》（支持女师大风潮杂文）；《纪念刘和珍君》（悼念烈士）<br><strong>备注：</strong>任教,,,,《鲁迅与他的北京》
016,中国大学,3289,1440,教书地,西单大木仓胡同郑亲王府遗址（现国家教委所在地）,1,中国大学（1925.9-1926.5（任教）；）,<strong>地点名称：</strong>中国大学<br><strong>详细地址：</strong>西单大木仓胡同郑亲王府遗址（现国家教委所在地）<br><strong>地点类型：</strong>教书地<br><strong>时间段：</strong>1925.9-1926.5（任教）；<br><strong>相关历史事件：</strong>三一八惨案<br><strong>主要活动：</strong>1. 1925.9 受聘为本科国文系讲师，主讲《中国小说史》（每周三上午授课）；2. 1932.11 应时代读书会邀请，作《文艺与武力》演讲（营救被捕教师，鼓舞师生）；3. 支持学生进步活动，与校内革命力量往来密切<br><strong>现状说明：</strong>1. 原郑亲王府遗址处曾被国家教育行政机构使用（历史上有变迁），部分古迹如逸仙堂仍存；2. 逸仙堂为鲁迅演讲场所，保存完好<br><strong>相关作品：</strong>无直接创作，演讲体现文艺与政治斗争的关联<br><strong>备注：</strong>任教,,,,《鲁迅与他的北京》
017,燕京大学,3141,3391,教书地,西郊海淀燕园（现北京大学燕园）,1,燕京大学（1929.5（返校演讲））,<strong>地点名称：</strong>燕京大学<br><strong>详细地址：</strong>西郊海淀燕园（现北京大学燕园）<br><strong>地点类型：</strong>教书地<br><strong>时间段：</strong>1929.5（返校演讲）<br><strong>相关历史事件：</strong>左翼文化运动<br><strong>主要活动：</strong>1. 1929.5 应国文学会邀请，作《现今的新文学的概观》演讲；2. 演讲中评述新文学运动，批评王独清等，强调作家世界观改造；3. 鼓励青年 “多看外国书”，引进新兴文学理论与创作<br><strong>现状说明：</strong>1. 现为北京大学燕园，原燕京大学校门（西校门）、未名湖、博雅塔保留；2. 演讲场所已融入北大校园，建筑原貌保存<br><strong>相关作品：</strong>《现今的新文学的概观》（演讲，收入《三闲集》）<br><strong>备注：</strong>返校演讲,,,,《鲁迅与他的北京》
018,辅仁大学,4934,1969,教书地,什刹海西侧定阜大街（现北师大化学系校舍）,1,辅仁大学（1932.11（返校演讲））,<strong>地点名称：</strong>辅仁大学<br><strong>详细地址：</strong>什刹海西侧定阜大街（现北师大化学系校舍）<br><strong>地点类型：</strong>教书地<br><strong>时间段：</strong>1932.11（返校演讲）<br><strong>相关历史事件：</strong>左翼文化运动<br><strong>主要活动：</strong>1. 1932.11 应文学院长沈兼士邀请，作《今春的两种感想》演讲；2. 演讲中批判国人 “不认真”“眼光短浅”，号召青年投身现实斗争；3. 听众 1200 余人，场面热烈，体现对进步青年的号召力<br><strong>现状说明：</strong>1. 现为北师大化学系校舍，中西合璧式教学楼保存完好；2. 演讲大礼堂仍在使用，古色古香<br><strong>相关作品：</strong>《今春的两种感想》（演讲）<br><strong>备注：</strong>返校演讲,,,,《鲁迅与他的北京》
019,女师大临时校舍,,,教书地,阜成门内宗帽胡同 14 号（现宏茂胡同 33 号）,1,女师大临时校舍（1925.9-1925.11（授课））,<strong>地点名称：</strong>女师大临时校舍<br><strong>详细地址：</strong>阜成门内宗帽胡同 14 号（现宏茂胡同 33 号）<br><strong>地点类型：</strong>教书地<br><strong>时间段：</strong>1925.9-1925.11（授课）<br><strong>相关历史事件：</strong>女师大风潮<br><strong>主要活动：</strong>1. 1925.8 女师大被强占后，校务维持会租此处为临时校舍；2. 鲁迅带病义务授课，将课时增加一倍；3. 1925.11.30 带领学生返回石驸马大街原址复校；4. 许广平、刘和珍等学生在此住宿，房间设地道以备紧急情况<br><strong>现状说明：</strong>1. 现为民房，四合院格局保留，院内盖有小厨房；2. 据回忆与局部实地调查可见局部旧迹/构件，但‘地道’等具体遗存需以文物勘查为准<br><strong>相关作品：</strong>无直接创作，授课内容延续《中国小说史》《文艺理论》<br><strong>备注：</strong>授课,,,,《鲁迅与他的北京》
020,孔德学校,3916,2742,教书地,1. 东城方巾巷华法教育会；2. 东华门大街原宗人府（现第二十七中学）,1,孔德学校（1919.7-1929.5（捐赠 / 访书））,<strong>地点名称：</strong>孔德学校<br><strong>详细地址：</strong>1. 东城方巾巷华法教育会；2. 东华门大街原宗人府（现第二十七中学）<br><strong>地点类型：</strong>教书地<br><strong>时间段：</strong>1919.7-1929.5（捐赠 / 访书）<br><strong>相关历史事件：</strong>五四运动后思想解放<br><strong>主要活动：</strong>1. 1919.7 捐赠 10 元支持学校；2. 1926.6 赴校访王品青未遇，留书归还所借书籍；3. 1929.5 回平探亲时，赴校阅旧本小说，遇钱玄同；4. 托王品青在校图书馆借书，支持学校教育事业<br><strong>现状说明：</strong>1. 现改为第二十七中学，校舍为新建楼房；2. 学校拟编写校史，记录与新文化运动人士的关联<br><strong>相关作品：</strong>无直接创作，通过校图书馆获取古籍参考<br><strong>备注：</strong>捐赠 / 访书,,,,《鲁迅与他的北京》
021,大中公学（现北京二十二中学）,5159,3174,教书地,1. 骑河楼蒙福禄馆 5 号；2. 交道口东大街 111 号,1,大中公学（现北京二十二中学）（1925.9-1925.11（任教））,<strong>地点名称：</strong>大中公学（现北京二十二中学）<br><strong>详细地址：</strong>1. 骑河楼蒙福禄馆 5 号；2. 交道口东大街 111 号<br><strong>地点类型：</strong>教书地<br><strong>时间段：</strong>1925.9-1925.11（任教）<br><strong>相关历史事件：</strong>北洋军阀统治后期<br><strong>主要活动：</strong>1. 1925.9 受聘兼任高中部新文艺学课程，每周授课；2. 任教期间正值女师大风潮高潮，兼顾校务维持会工作；3. 肺病复发仍坚持授课，支持学生反对北洋军阀政府的斗争；4. 1925.11 因劳累及斗争形势结束授课<br><strong>现状说明：</strong>1. 现为北京二十二中学，校址在交道口东大街；2. 旧校舍已拆，新建现代化教学楼<br><strong>相关作品：</strong>无直接创作，授课内容聚焦新文艺理论<br><strong>备注：</strong>任教,,,,《鲁迅与他的北京》
022,北平大学女子文理学院,4346,3550,教书地,朝阳门内北小街孚王府（九爷府）,1,北平大学女子文理学院（1932.11（演讲））,<strong>地点名称：</strong>北平大学女子文理学院<br><strong>详细地址：</strong>朝阳门内北小街孚王府（九爷府）<br><strong>地点类型：</strong>教书地<br><strong>时间段：</strong>1932.11（演讲）<br><strong>相关历史事件：</strong>左翼文化运动<br><strong>主要活动：</strong>1. 1932.11 应院长范文澜邀请，作《革命文学与遵命文学》演讲；2. 演讲中强调革命文学应为工农大众服务，作家需先成为革命战士；3. 听众为院内师生，约 300 余人，记者记录发表于《世界日报》<br><strong>现状说明：</strong>1. 现王府建筑保留约三分之二，中路和西路主体建筑完好；2. 原演讲大礼堂现为 “中国国际经济与法律咨询公司” 办公处<br><strong>相关作品：</strong>《革命文学与遵命文学》（演讲）<br><strong>备注：</strong>演讲,,,,《鲁迅与他的北京》
023,北京医学专门学校（现北京大学医学部）,,,教书地,宣武区后孙公园（现北京第四十三中学）,1,北京医学专门学校（现北京医科大学）（1912.10-1920.5（访友 / 参观））,<strong>地点名称：</strong>北京医学专门学校（现北京医科大学）<br><strong>详细地址：</strong>宣武区后孙公园（现北京第四十三中学）<br><strong>地点类型：</strong>教书地<br><strong>时间段：</strong>1912.10-1920.5（访友 / 参观）<br><strong>相关历史事件：</strong>新文化运动<br><strong>主要活动：</strong>1. 1912.10 拜访校长汤尔和（留日同学、浙江两级师范同事）；2. 1916.11 赴校访汤尔和，读碑、乞方；3. 1920.5 访汤尔和，咨询侄子周沛的肺病治疗；4. 与汤尔和探讨医学、金石学，互赠书籍<br><strong>现状说明：</strong>1. 现改为北京第四十三中学，校舍为新建建筑；2. 学校总务处保留 1932 年 “北平大学医学院” 铜牌<br><strong>相关作品：</strong>无直接创作，获取医学咨询及碑帖资料<br><strong>备注：</strong>访友 / 参观,,,,《鲁迅与他的北京》
024,北京人艺戏剧专门学校,2250,1938,教书地,宣武区南横街 10 号,1,北京人艺戏剧专门学校（1922.11（出席开学式 / 支持））,<strong>地点名称：</strong>北京人艺戏剧专门学校<br><strong>详细地址：</strong>宣武区南横街 10 号<br><strong>地点类型：</strong>教书地<br><strong>时间段：</strong>1922.11（出席开学式 / 支持）<br><strong>相关历史事件：</strong>五四运动后思想解放<br><strong>主要活动：</strong>1. 1922.11.22 出席学校开学式，任校董；2. 支持学校 “提高戏剧艺术、辅助社会教育” 宗旨，关注新剧发展；3. 1923.10 观看学校在新明剧场演出的《平民的恩人与良心》，给予指导；4. 支持蒲伯英、陈大悲的 “爱美剧” 实践<br><strong>现状说明：</strong>1. 现校址已无存，原址为商店及游艺厅；2. 学校培养的人才对现代话剧发展有一定影响<br><strong>相关作品：</strong>无直接创作，关注戏剧改革与新文艺发展<br><strong>备注：</strong>出席开学式 / 支持,,,,《鲁迅与他的北京》
025,广和居,2508,1456,餐饮地,宣武门外北半截胡同路东（绍兴会馆斜对过，距会馆步行 5 分钟路程）,1,广和居（1912.5.8-1926.8（鲁迅居京期间常去））,<strong>地点名称：</strong>广和居<br><strong>详细地址：</strong>宣武门外北半截胡同路东（绍兴会馆斜对过，距会馆步行 5 分钟路程）<br><strong>地点类型：</strong>餐饮地<br><strong>时间段：</strong>1912.5.8-1926.8（鲁迅居京期间常去）<br><strong>相关历史事件：</strong>民国初期社会变革<br><strong>主要活动：</strong>1. 1912 年 5 月 8 日（到京第 3 天）首次前往夜饮，此后成为常去场所，居会馆期间因会馆膳食难以满足日常及会友需求，常托长班送菜或到店就餐”；2. 1912 年 7 月因蔡元培辞职、美育被删、范爱农去世等事，多次在此借酒浇愁（7 月 6 日、14 日、20 日、8 月 1 日均记 “饮于广和居”，7 月 14 日 “颇醉”）；3. 1913 年 2 月 26 日与戴芦舲同饮，因谈《笔耕图》尽兴多饮致夜半胃痛；4. 许寿裳、张协和、钱稻荪等常同往，是鲁迅与友人欢聚、排解苦闷的核心场所<br><strong>相关人物：</strong>许寿裳、张协和、戴芦舲、钱稻荪<br><strong>现状说明：</strong>1. 民国十几年后衰败，曾迁西单改称 “广和饭店”，后因经营不善倒闭，东家自尽；2. 旧址（北半截胡同 52 号）保留，基本格局未变，“文革” 中门联字被刮，仅 “广”“和” 二字依稀可辨；3. 斜对面为浏阳会馆（谭嗣同故居）<br><strong>备注：</strong>鲁迅居京期间常去,,,,《鲁迅与他的北京》
026,致美斋,2822,2328,餐饮地,前门外煤市街北口路西（大栅栏商业区边缘）,1,致美斋（1912.5.9、1912.8.31（两次明确记载））,<strong>地点名称：</strong>致美斋<br><strong>详细地址：</strong>前门外煤市街北口路西（大栅栏商业区边缘）<br><strong>地点类型：</strong>餐饮地<br><strong>时间段：</strong>1912.5.9、1912.8.31（两次明确记载）<br><strong>相关历史事件：</strong>民国初期社会变革<br><strong>主要活动：</strong>1. 1912 年 5 月 9 日（到京第 4 天），由同乡蔡谷清（国亲）作东夜饮；2. 1912 年 8 月 31 日，由教育部次长董恂士招饮，同席汤哲存、夏穗卿、何燮侯、张协和、钱稻荪、许季黻等同事；3. 以山东风味闻名，招牌菜为清汤馄饨（用填鸭原汁，佐鲜姜汁，皮薄馅嫩）、葱油萝卜丝饼（油酥白皮芝麻，甜咸适口）、中秋月饼（清末《燕京岁时记》称 “京都第一”）<br><strong>相关人物：</strong>蔡谷清、董恂士、汤哲存、夏穗卿<br><strong>现状说明：</strong>1. 30 年代走下坡路，抗战时期萧条，40 年代末倒闭；1950 年一度复业，后停业；“文革” 中迁粮食店街改称 “人民餐厅”，改革开放后恢复老字号；2. 1995 年 1 月被全聚德集团兼并，原旧址痕迹无存<br><strong>备注：</strong>两次明确记载,,,,《鲁迅与他的北京》
027,便宜坊（米市胡同老号）,,,餐饮地,宣武门外米市胡同 31 号（绍兴会馆南，中间隔丞相胡同，步行 10 分钟路程）,1,便宜坊（米市胡同老号）（1912.7.28-1913.8.7（多次记载））,<strong>地点名称：</strong>便宜坊（米市胡同老号）<br><strong>详细地址：</strong>宣武门外米市胡同 31 号（绍兴会馆南，中间隔丞相胡同，步行 10 分钟路程）<br><strong>地点类型：</strong>餐饮地<br><strong>时间段：</strong>1912.7.28-1913.8.7（多次记载）<br><strong>相关历史事件：</strong>民国初期社会变革<br><strong>主要活动：</strong>1. 1912 年 7 月 28 日（星期日），与钱稻荪、许寿裳、杨莘士在广和居午餐后，赴吴兴会馆欢聚，晚间同往便宜坊就餐；2. 1913 年 8 月 7 日，从绍兴探亲返京（6 时半到京），同事朱焕奎为其接风，邀往便宜坊晚餐；3. 为北京焖炉烤鸭（南炉鸭）发源地，清乾隆年间创办，原由南方人开设，后由山东荣成孙子久接手，招牌菜还有桶子鸡（色白味嫩）、自制熏鸡熏鱼；4. 因距会馆近、为百年老字号，成为鲁迅与同事聚餐首选之一<br><strong>相关人物：</strong>钱稻荪、许寿裳、杨莘士、朱焕奎<br><strong>现状说明：</strong>1. 20 年代军阀混战起衰败，抗战后期倒闭，旧址（米市胡同 31 号）改为布店、粮食店，后成居民大杂院；2. 院落保留，西房为正，东房、南房为原厨房，后院二层小楼为原客座，可辨当年规模；3. 前门外鲜鱼口便宜坊为独立分支店铺，与米市胡同老号无更名关联<br><strong>备注：</strong>多次记载,,,,《鲁迅与他的北京》
028,会贤堂,4957,2400,餐饮地,什刹海北岸、银锭桥西侧（面对什刹海前海，北望钟鼓楼，南观琼岛白塔）,1,会贤堂（1912.8.21-1912.9.5（两次记载））,<strong>地点名称：</strong>会贤堂<br><strong>详细地址：</strong>什刹海北岸、银锭桥西侧（面对什刹海前海，北望钟鼓楼，南观琼岛白塔）<br><strong>地点类型：</strong>餐饮地<br><strong>时间段：</strong>1912.8.21-1912.9.5（两次记载）<br><strong>相关历史事件：</strong>民国初期社会变革<br><strong>主要活动：</strong>1. 1912 年 8 月 21 日，视察京师图书馆（广化寺）后，与齐寿山同游什刹海，在此饭庄就餐，下午 4 时归寓（日记误记为 “集贤楼”，钱稻荪晚年回忆确认是会贤堂）；2. 1912 年 9 月 5 日，同司长赴国子监视察后受午饭，饭后与钱稻荪步至什刹海饮茗，后未明确就餐，但因常在此区域活动，推断关联；3. 为山东馆，以凉菜（冰碗河鲜、水晶肘）、荷叶粥、莲子粥闻名，有二层小楼及两进院落，内设戏台，清末为礼部侍郎斌儒私第，光绪末改为饭庄，恭王府、庆王府等贵族常光顾<br><strong>相关人物：</strong>齐寿山、钱稻荪、熊希龄、靳云鹏<br><strong>现状说明：</strong>1. 抗战期间萧条，胜利前歇业，房屋被辅仁大学校友买下赠校；2. 旧址保留，二层小楼、大门及两进院落仍在，大戏台已拆，现为中国音乐学院教工宿舍；3. 临湖位置仍显雅致，可辨当年观海就餐格局<br><strong>备注：</strong>两次记载,,,,《鲁迅与他的北京》
029,同和居,,,餐饮地,西四十字路口西南（鲁迅 1923 年搬砖塔胡同后距住处近）,1,同和居（1912.9.1、1932.11.18（两次记载））,<strong>地点名称：</strong>同和居<br><strong>详细地址：</strong>西四十字路口西南（鲁迅 1923 年搬砖塔胡同后距住处近）<br><strong>地点类型：</strong>餐饮地<br><strong>时间段：</strong>1912.9.1、1932.11.18（两次记载）<br><strong>相关历史事件：</strong>民国初期社会变革<br><strong>主要活动：</strong>1. 1912 年 9 月 1 日，与许寿裳、钱稻荪从什刹海归来，在此午餐，日记记 “甚不可口”（因山东风味不合口味）；2. 1932 年 11 月 18 日（第二次回平探亲），李霁野、台静农从天津赶来探望，同赴同和居夜饭，同席有魏建功、沈兼士、仲已；3. 道光三年（1823）开业，因得清宫御厨传 “三不沾”（蛋黄、绿豆粉、白糖制成，不沾盘、筷、口）成名，为 “八大居” 之首，招牌菜还有潘鱼、扒散丹、烤馒头<br><strong>相关人物：</strong>许寿裳、钱稻荪、李霁野、台静农<br><strong>现状说明：</strong>1. 1994 年春节前在白云观路 1 号开分号，恢复 “三不沾”“烤馒头” 等招牌菜；2. 西四旧址（原地址）重建新楼，字号由溥杰题字，仍经营山东风味，保留传统菜品<br><strong>备注：</strong>两次记载,,,,《鲁迅与他的北京》
030,厚德福,2804,2380,餐饮地,大栅栏街路北中间地带（东侧为聚兴烟店，西侧为晋阳会馆，庚子大火后大栅栏区域留存的知名饭庄之一）,1,厚德福（1913.3.24（明确记载 1 次））,<strong>地点名称：</strong>厚德福<br><strong>详细地址：</strong>大栅栏街路北中间地带（东侧为聚兴烟店，西侧为晋阳会馆，庚子大火后大栅栏区域留存的知名饭庄之一）<br><strong>地点类型：</strong>餐饮地<br><strong>时间段：</strong>1913.3.24（明确记载 1 次）<br><strong>相关历史事件：</strong>民国初期社会变革<br><strong>主要活动：</strong>1. 1913 年 3 月 24 日，由何燮侯招饮，同席马幼舆、陈于盒、王幼山、王叔梅、蔡谷青、许季市；2. 为河南风味饭庄，清光绪年间创办，招牌菜有铁锅蛋、扒燕卷菜、瓦块鱼焙面；3. 袁世凯（河南项城人）常在此宴请，传 1915 年元宵前袁世凯过此，因听 “元宵” 叫卖（谐音 “袁消”）不悦，令改称 “汤元”，相关歌谣在京流传<br><strong>相关人物：</strong>何燮侯、马幼舆、陈于盒、许季市<br><strong>现状说明：</strong>1. 1962 年从大栅栏迁复兴门外三里河大街，改称 “河南饭庄”；2. 1984 年迁南礼士路大街路东，建三层楼称 “厚德福酒楼”；3. 1995 年 12 月推出 “大马哈鱼宴”，传统河南风味与新菜品结合，生意延续<br><strong>备注：</strong>明确记载 1 次,,,,《鲁迅与他的北京》
031,东兴楼,5148,3450,餐饮地,东安门大街路北（西临东华门，东临王府井，近东安市场）,1,东兴楼（1919.5.23、1923.2.27、1932.11.22（三次记载））,<strong>地点名称：</strong>东兴楼<br><strong>详细地址：</strong>东安门大街路北（西临东华门，东临王府井，近东安市场）<br><strong>地点类型：</strong>餐饮地<br><strong>时间段：</strong>1919.5.23、1923.2.27、1932.11.22（三次记载）<br><strong>相关历史事件：</strong>五四运动影响期<br><strong>主要活动：</strong>1. 1919 年 5 月 23 日，应胡适之招，同周作人等聚餐，从晚 7 时至 11 时归；2. 1923 年 2 月 27 日，应郁达夫招饮，同胡适之先游东安市场，后赴此，酒半归（周作人因天冷未赴）；3. 1932 年 11 月 22 日，在北大、辅仁大学演讲后，沈兼士邀往夜饭，同席 11 人；4. 光绪二十八年（1902）开业，“八大楼” 之首，胶东菜系，招牌菜芙蓉鸡片、糟蒸鸭肝、塌锅豆腐<br><strong>相关人物：</strong>胡适之、郁达夫、周作人、沈兼士<br><strong>现状说明：</strong>1. 40 年代因经营不佳停业，技术人员转往萃华楼；2. 1983 年在东直门大街 47 号重建，从萃华楼调特级厨师，恢复传统菜品；3. 原东安门大街旧址现为华润大厦，无原建筑痕迹<br><strong>备注：</strong>三次记载,,,,《鲁迅与他的北京》
032,来今雨轩,,,餐饮地,中山公园（原中央公园）东南方向（西临牡丹园，北靠四宜轩，环境幽雅）,1,来今雨轩（1924.4.8、1925.8.13、1926.2.5、1926.8.13（多次记载））,<strong>地点名称：</strong>来今雨轩<br><strong>详细地址：</strong>中山公园（原中央公园）东南方向（西临牡丹园，北靠四宜轩，环境幽雅）<br><strong>地点类型：</strong>餐饮地<br><strong>时间段：</strong>1924.4.8、1925.8.13、1926.2.5、1926.8.13（多次记载）<br><strong>相关历史事件：</strong>北洋军阀统治后期<br><strong>主要活动：</strong>1. 1924 年 4 月 8 日，在中央公园小步，买其火腿包子 30 枚而归（包子为川冬菜、火腿、玉兰片馅，炒馅加白糖，咸甜适口）；2. 1925 年 8 月 13 日，赴猛进社午餐；3. 1926 年 2 月 5 日，俟许寿裳、齐寿山、马幼渔同饭；4. 1926 年 8 月 13 日，与齐寿山译《小约翰》毕，齐寿山邀往，同坐有芦舲、许寿裳；5. 1915 年建成，初为经营红楼家宴和川贵风味为主的餐馆，1926 年厅前增建 7 间铅铁罩棚，内设茶座<br><strong>相关人物：</strong>许寿裳、齐寿山、马幼渔、猛进社成员<br><strong>现状说明：</strong>1. 建国后与长美轩合并，1958 年后专营中餐；2. 80 年代迁公园西路，建新楼（赵朴初题匾），原建筑改为舞厅，罩棚拆除；3. 新楼保留幽雅环境，仍为中山公园内知名餐饮场所<br><strong>备注：</strong>多次记载,,,,《鲁迅与他的北京》
033,森隆,,,餐饮地,东安市场北门路西（1 层为稻香春南味食品店，2 层为西餐馆，3 层为中餐馆）,1,森隆（1929.5.29（两次记载））,<strong>地点名称：</strong>森隆<br><strong>详细地址：</strong>东安市场北门路西（1 层为稻香春南味食品店，2 层为西餐馆，3 层为中餐馆）<br><strong>地点类型：</strong>餐饮地<br><strong>时间段：</strong>1929.5.29（两次记载）<br><strong>相关历史事件：</strong>左翼文化运动<br><strong>主要活动：</strong>1. 1929 年 5 月 29 日下午，应北大国文学会邀请演讲前，赴未名社小谈，后李霁野、韦丛芜、台静农邀往森隆晚餐；2. 1929 年 5 月 29 日晚，演讲后（因听众过多从二院改三院），被北大老同事（沈尹默、马隅卿、张凤举、李耀辰）邀往森隆夜饭，同席还有魏建功，11 时归寓；3. 1917 年由张森隆创办，淮扬风味，招牌菜 “菊花火锅”，因近北大，成为东城学者聚餐场所<br><strong>相关人物：</strong>李霁野、韦丛芜、台静农、沈尹默<br><strong>现状说明：</strong>1. 建国后改称 “森隆饭店”，迁东四十条路西，保留江南建筑风格；2. 80 年代在海淀区甘家口设 “森隆饭店西号”，仍经营淮扬风味；3. 东安市场原旧址因市场改造拆除，无原建筑痕迹<br><strong>备注：</strong>两次记载,,,,《鲁迅与他的北京》
034,琉璃厂文化街,2810,1903,购物地,宣武区琉璃厂街（东琉璃厂：古玩为主；西琉璃厂：旧书为主）,1,琉璃厂文化街（1912.5-1932.11）,<strong>地点名称：</strong>琉璃厂文化街<br><strong>详细地址：</strong>宣武区琉璃厂街（东琉璃厂：古玩为主；西琉璃厂：旧书为主）<br><strong>地点类型：</strong>购物地<br><strong>时间段：</strong>1912.5-1932.11<br><strong>相关历史事件：</strong>民国初期社会变革<br><strong>主要活动：</strong>1. 1912.5.12 首次到访，购《纂喜庐丛书》；2. 累计到访 400 余次，光顾 47 家店铺，核心购买线装古书、汉唐石刻画像、佛书；3. 1915-1919 年集中收集碑帖拓片，亲手抄录古碑 1721 页；4. 1933 年与郑振铎合编《北平笺谱》，收集此处南纸店信笺；5. 常去店铺：宏道堂、富晋书社、本立堂、保古斋、清秘阁等<br><strong>现状说明：</strong>/<br><strong>相关作品：</strong>《寰宇贞石图》《俟堂专文杂集》（基于拓片整理）；《北平笺谱》（与郑振铎合编）,,,,《鲁迅与他的北京》
035,大栅栏街,2809,2334,购物地,前门外大栅栏街（东起前门大街，西至煤市街）,1,大栅栏街（1912.5-1920.1）,<strong>地点名称：</strong>大栅栏街<br><strong>详细地址：</strong>前门外大栅栏街（东起前门大街，西至煤市街）<br><strong>地点类型：</strong>购物地<br><strong>时间段：</strong>1912.5-1920.1<br><strong>相关历史事件：</strong>民国初期社会变革<br><strong>主要活动：</strong>1. 1912.12 赴瑞蚨祥购斗篷、手衣；2. 1917.11 购卫生衣、饼饵；3. 1919 年举家迁八道湾前后，多次在此购置衣被、生活用品；4. 1916.9 陪三弟周建人观影戏；5. 常去店铺：瑞蚨祥绸布店、厚德福饭庄、大观楼电影院、内联升鞋店<br><strong>现状说明：</strong>/<br><strong>相关作品：</strong>无直接创作，日记多次记载购物、观影,,,,《鲁迅与他的北京》
036,前门地区（含前门大街、廊房头条等）,,,购物地,前门城楼及箭楼周边（前门大街、廊房头条、观音寺街等）,1,前门地区（含前门大街、廊房头条等）（1912.5-1932.11）,<strong>地点名称：</strong>前门地区（含前门大街、廊房头条等）<br><strong>详细地址：</strong>前门城楼及箭楼周边（前门大街、廊房头条、观音寺街等）<br><strong>地点类型：</strong>购物地<br><strong>时间段：</strong>1912.5-1932.11<br><strong>相关历史事件：</strong>民国初期社会变革<br><strong>主要活动：</strong>1. 1913.1 赴西美居买饼饵，赴稻香村购南味食品；2. 1912.8 赴廊房头条劝业场饮茗、理发、购物；3. 1924.5 赴撷英番菜馆聚餐，后在《“公理” 的把戏》中提及；4. 1919 年举家迁京前，多次在此购置生活用品；5. 是鲁迅出入北京的交通枢纽（前门火车站），购物、办事常兼顾<br><strong>现状说明：</strong>/<br><strong>相关作品：</strong>《“公理” 的把戏》（提及撷英番菜馆）,,,,《鲁迅与他的北京》
037,东安市场,3759,3069,购物地,王府井大街北侧（原八旗兵神机营练兵场）,1,东安市场（1923.6-1929.5）,<strong>地点名称：</strong>东安市场<br><strong>详细地址：</strong>王府井大街北侧（原八旗兵神机营练兵场）<br><strong>地点类型：</strong>购物地<br><strong>时间段：</strong>1923.6-1929.5<br><strong>相关历史事件：</strong>五四运动影响期<br><strong>主要活动：</strong>1. 1923.6 购蒋氏刻本《札朴》；2. 1923.7 与周作人同往，后赴东交民巷书店寻书；3. 1929.5 回平探亲时，赴森隆餐馆聚餐前在此购物；4. 旧书长廊为核心吸引力，可随意取阅新旧书籍、外文书；5. 常去店铺：春明书店、中原书店、稻香春南味食品店<br><strong>现状说明：</strong>/,,,,《鲁迅与他的北京》
038,瑞蚨祥绸布店,2809,2412,购物地,前门外大栅栏街路北,1,瑞蚨祥绸布店（1912.12-1919.10）,<strong>地点名称：</strong>瑞蚨祥绸布店<br><strong>详细地址：</strong>前门外大栅栏街路北<br><strong>地点类型：</strong>购物地<br><strong>时间段：</strong>1912.12-1919.10<br><strong>相关历史事件：</strong>五四运动影响期<br><strong>主要活动：</strong>1. 1912.12 购斗篷、手衣；2. 1913.10 购狐腿衣料、獭皮领；3. 1917.11 与周作人同购过冬衣物、被褥，花费 120 元；4. 1918.11 购手衣、围巾与周作人分用；5. 1919.10 为八道湾新居购置布匹，此后未再到访（家务交由家人打理）<br><strong>现状说明：</strong>/,,,,《鲁迅与他的北京》
039,内联升鞋店,2825,2427,购物地,1. 廊房头条；2. 1956 年迁大栅栏街,1,内联升鞋店（1918.5）,<strong>地点名称：</strong>内联升鞋店<br><strong>详细地址：</strong>1. 廊房头条；2. 1956 年迁大栅栏街<br><strong>地点类型：</strong>购物地<br><strong>时间段：</strong>1918.5<br><strong>相关历史事件：</strong>民国初期社会变革<br><strong>主要活动：</strong>1. 1918.5 与周作人同往，为侄子丰一定制皮鞋；2. 鲁迅自身偏好青云阁布鞋，仅因家人定制到访一次；3. 以 “真材实料、精工细做” 闻名，鞋底 32 层，鞋面用上等黑缎<br><strong>现状说明：</strong>/,,,,《鲁迅与他的北京》
040,稻香村南味食品店,2781,2200,购物地,前门外观音寺街（现大栅栏西街）,1,稻香村南味食品店（1913.5-1925）,<strong>地点名称：</strong>稻香村南味食品店<br><strong>详细地址：</strong>前门外观音寺街（现大栅栏西街）<br><strong>地点类型：</strong>购物地<br><strong>时间段：</strong>1913.5-1925<br><strong>相关历史事件：</strong>民国初期社会变革<br><strong>主要活动：</strong>1. 1913.5 赴观音寺街购物时，常在此买糕点备用；2. 1914.8 与晋和祥合并购物花费 3 元；3. 1914.9 从琉璃厂返家途中，购食物三品；4. 作为浙江人，偏好其南味风味，居住会馆期间（不供饭）常购点心应急；5. 因内部矛盾 1925 年倒闭，后品牌重建<br><strong>现状说明：</strong>/,,,,《鲁迅与他的北京》
041,青云阁,2801,2273,购物地,前门外观音寺街（后门在杨梅竹斜街）,1,青云阁（1912.11-1922）,<strong>地点名称：</strong>青云阁<br><strong>详细地址：</strong>前门外观音寺街（后门在杨梅竹斜街）<br><strong>地点类型：</strong>购物地<br><strong>时间段：</strong>1912.11-1922<br><strong>相关历史事件：</strong>民国初期社会变革<br><strong>主要活动：</strong>1. 1912.11 购御寒衣帽，1912.12 购履；2. 1917.11 与周作人同往买食饵、饮茗、食春卷；3. 富晋书社为核心吸引力，1924 年前在此购新书、古籍；4. 经营模式综合，可一站式解决购物、餐饮、理发需求，鲁迅居住会馆期间常途经光顾<br><strong>现状说明：</strong>/,,,,《鲁迅与他的北京》
042,劝业场（京师第一劝业场）,2943,2432,购物地,前门外廊房头条东口,1,劝业场（京师第一劝业场）（1912.8-1924.7）,<strong>地点名称：</strong>劝业场（京师第一劝业场）<br><strong>详细地址：</strong>前门外廊房头条东口<br><strong>地点类型：</strong>购物地<br><strong>时间段：</strong>1912.8-1924.7<br><strong>相关历史事件：</strong>民国初期社会变革<br><strong>主要活动：</strong>1. 1912.8 与许寿裳饮茗、理发；2. 1916.12 购鞋、盥洗杂物；3. 1924.7 赴西安讲学前，购旅行杂物；4. 是民国初年大型综合商场，“劝人勉力，振兴实业” 为宗旨；5. 餐馆 “小有天” 为闽菜，鲁迅曾两次与同事宴饮<br><strong>现状说明：</strong>/,,,,《鲁迅与他的北京》
043,小市（西小市 + 头发胡同小市）,3225,1462,购物地,1. 西小市（宣武门瓮城两侧）；2. 头发胡同小市（近教育部、女师大）,1,小市（西小市 + 头发胡同小市）（1913.2-1926.3）,<strong>地点名称：</strong>小市（西小市 + 头发胡同小市）<br><strong>详细地址：</strong>1. 西小市（宣武门瓮城两侧）；2. 头发胡同小市（近教育部、女师大）<br><strong>地点类型：</strong>购物地<br><strong>时间段：</strong>1913.2-1926.3<br><strong>相关历史事件：</strong>民国初期社会变革<br><strong>主要活动：</strong>1. 1914.11 购古泉 7 枚，含 “端平折三” 珍品；2. 1916 年正月逛 14 次，购嵩岳石人 “马” 字拓本；3. 1920.1 为八道湾新居添买木器；4. 1926.3 购《汉律考》；5. 天寒地冻仍坚持到访，多次空手而归仍不辍，核心搜集低价古籍、拓片<br><strong>现状说明：</strong>/,,,,《鲁迅与他的北京》
044,广文斋,,,购物地,琉璃厂街,1,广文斋（1913.8-1914.6）,<strong>地点名称：</strong>广文斋<br><strong>详细地址：</strong>琉璃厂街<br><strong>地点类型：</strong>购物地<br><strong>时间段：</strong>1913.8-1914.6<br><strong>相关历史事件：</strong>民国初期社会变革<br><strong>主要活动：</strong>1. 1913.8 购古泉 18 品；2. 1914.6 购 “安邑化金” 圆足布一枚；3. 店主刘三戒精通古钱币，鲁迅常在此咨询、选购古钱，作为金石研究素材<br><strong>现状说明：</strong>/,,,,《鲁迅与他的北京》
045,清秘阁,2785,1795,购物地,西琉璃厂路南,1,清秘阁（1913.12-1932.11）,<strong>地点名称：</strong>清秘阁<br><strong>详细地址：</strong>西琉璃厂路南<br><strong>地点类型：</strong>购物地<br><strong>时间段：</strong>1913.12-1932.11<br><strong>相关历史事件：</strong>民国初期社会变革<br><strong>主要活动：</strong>1. 1913.12 购信笺信封；2. 1914.12 购纸 80 枚、笔 2 支；3. 1929.5 回平探亲时，购信笺 5 种；4. 承办教育部办公用纸，鲁迅称其 “官派十足”；5. 为《北平笺谱》收录信笺的核心店铺之一<br><strong>现状说明：</strong>/<br><strong>相关作品：</strong>《北平笺谱》（收录其信笺）,,,,《鲁迅与他的北京》
046,晋和祥,,,购物地,前门外观音寺街,1,晋和祥（1913.5-1914.8）,<strong>地点名称：</strong>晋和祥<br><strong>详细地址：</strong>前门外观音寺街<br><strong>地点类型：</strong>购物地<br><strong>时间段：</strong>1913.5-1914.8<br><strong>相关历史事件：</strong>民国初期社会变革<br><strong>主要活动：</strong>1. 1913.5 与稻香村合并购物；2. 1914.8 与稻香村共买食物 3 元；3. 1913.12 与许季上同饮咖啡、食饼饵；4. 是鲁迅居住会馆期间常去的食品店，兼顾简餐、零食需求<br><strong>现状说明：</strong>/,,,,《鲁迅与他的北京》
047,松云阁,2807,1927,购物地,琉璃厂街,1,松云阁（1914.6-1923.4）,<strong>地点名称：</strong>松云阁<br><strong>详细地址：</strong>琉璃厂街<br><strong>地点类型：</strong>购物地<br><strong>时间段：</strong>1914.6-1923.4<br><strong>相关历史事件：</strong>民国初期社会变革<br><strong>主要活动：</strong>1. 1914.6 购 “安邑化金” 圆足布；2. 1923.4 购土寓人、鸡、豚等小古玩；3. 店主李竹庵（鲁迅曾误记为 “李竹泉”），为鲁迅提供金石研究所需实物素材<br><strong>现状说明：</strong>/,,,,《鲁迅与他的北京》
048,厂甸庙会,,,购物地,琉璃厂周边（海王村公园为中心，含厂甸胡同、南新华街等）,1,厂甸庙会（1913.2-1916.2）,<strong>地点名称：</strong>厂甸庙会<br><strong>详细地址：</strong>琉璃厂周边（海王村公园为中心，含厂甸胡同、南新华街等）<br><strong>地点类型：</strong>购物地<br><strong>时间段：</strong>1913.2-1916.2<br><strong>相关历史事件：</strong>民国初期社会变革<br><strong>主要活动：</strong>1. 1913 年正月逛 7 次，购书籍、画册、玩具；2. 1915 年正月初二因游人过多折返；3. 书摊集中于海王村公园、土地祠，古玩摊集中于火神庙；4. 是春节期间核心文化集市，鲁迅借逛庙会补充古籍、文物收藏<br><strong>现状说明：</strong>/,,,,《鲁迅与他的北京》
049,农事试验场（现北京动物园）,,,风景名胜,西直门外（原三贝子花园、乐善园等基础上扩建）,1,农事试验场（现北京动物园）（1912.5-1920.4）,<strong>地点名称：</strong>农事试验场（现北京动物园）<br><strong>详细地址：</strong>西直门外（原三贝子花园、乐善园等基础上扩建）<br><strong>地点类型：</strong>风景名胜<br><strong>时间段：</strong>1912.5-1920.4<br><strong>相关历史事件：</strong>民国初期社会变革<br><strong>主要活动：</strong>1. 1912 年 5 月首次游览，是到京后较早探访的景点；2. 1916 年陪同三弟周建人游览；3. 1919 年携周作人一家及亲友同游；4. 1920 年陪同母亲游览；5. 这里是民国初年北京唯一公园，兼具动植物观赏、农事试验功能<br><strong>现状说明：</strong>1. 现为北京动物园，亚洲最大动物园之一；2. 保留鬯春堂等古建筑，新增现代化兽舍；3. 四烈士墓遗址纪念碑尚存，大门恢复民初砖雕拱门样式,,,,《鲁迅与他的北京》
050,陶然亭,,,风景名胜,北京西南隅（原慈悲庵基础上建）,1,陶然亭（1912.5）,<strong>地点名称：</strong>陶然亭<br><strong>详细地址：</strong>北京西南隅（原慈悲庵基础上建）<br><strong>地点类型：</strong>风景名胜<br><strong>时间段：</strong>1912.5<br><strong>相关历史事件：</strong>民国初期社会变革<br><strong>主要活动：</strong>1. 1912 年 5 月与许寿裳同游，上午逛万牲园后专程前往；2. 观看辽金时期石幢，寺僧称其为辽代遗物；3. 当时环境偏僻，芦苇环绕，有 “城市山林” 之称，是文人雅集胜地<br><strong>现状说明：</strong>1. 1952 年改建为公园，新增月季园、儿童游艺场等；2. 慈悲庵、陶然亭保留，新增曲桥、水榭；3. 园内有高君宇、石评梅墓碑（石评梅为鲁迅学生）,,,,《鲁迅与他的北京》
051,中央公园（现中山公园）,3634,2366,风景名胜,天安门西侧（原明清社稷坛）,1,中央公园（现中山公园）（1914.10-1929.5）,<strong>地点名称：</strong>中央公园（现中山公园）<br><strong>详细地址：</strong>天安门西侧（原明清社稷坛）<br><strong>地点类型：</strong>风景名胜<br><strong>时间段：</strong>1914.10-1929.5<br><strong>相关历史事件：</strong>民国初期社会变革<br><strong>主要活动：</strong>1. 1914 年开放后成为常去之地，春季赏花、与友人聚餐；2. 多次在来今雨轩宴饮、谈事，1925 年参加猛进社午餐；3. 1926 年与齐寿山翻译《小约翰》期间常在此就餐；4. 1926 年参观司徒乔绘画展览会并购画；5. 1929 年回平探亲时游览，观看芍药花<br><strong>现状说明：</strong>1. 1928 年更名中山公园，保留古柏、习礼亭等；2. 来今雨轩迁址重建，赵朴初题匾；3. 原四宜轩改为老年长寿学会所在地,,,,《鲁迅与他的北京》
052,北海公园,4427,2129,风景名胜,景山北侧（原皇家御苑）,1,北海公园（1916.8-1926.8）,<strong>地点名称：</strong>北海公园<br><strong>详细地址：</strong>景山北侧（原皇家御苑）<br><strong>地点类型：</strong>风景名胜<br><strong>时间段：</strong>1916.8-1926.8<br><strong>相关历史事件：</strong>民国初期社会变革<br><strong>主要活动：</strong>1. 1916 年 8 月首次游览；2. 1926 年离京前，两次赴漪澜堂参加友人饯行茶话会；3. 漪澜堂以仿清宫御膳点心闻名，是文人聚会常用场所；4. 园内琼岛、九龙壁、五龙亭等景观为鲁迅所观赏<br><strong>现状说明：</strong>1. 现仍为著名皇家园林，保持原有格局；2. 漪澜堂开设仿膳饭庄，接待中外游客；3. 琼岛春阴、五龙亭等景观保存完好,,,,《鲁迅与他的北京》
053,什刹海,5162,2220,风景名胜,地安门西侧（含前海、后海、西海）,1,什刹海（1912.8-1912.9）,<strong>地点名称：</strong>什刹海<br><strong>详细地址：</strong>地安门西侧（含前海、后海、西海）<br><strong>地点类型：</strong>风景名胜<br><strong>时间段：</strong>1912.8-1912.9<br><strong>相关历史事件：</strong>民国初期社会变革<br><strong>主要活动：</strong>1. 1912 年 8 月视察京师图书馆后，与齐寿山同游并在会贤堂就餐；2. 1912 年 9 月与钱稻荪步行游览，饮茗并购买葡萄；3. 民国初年设荷花市场，夏季荷花盛开，是市民娱乐场所；4. 周边有醇王府、恭王府等古迹，文人墨客常在此雅集<br><strong>现状说明：</strong>1. 现经治理后环境优雅，前海栽满荷花，后海新增游船；2. 北岸会贤堂旧址保留，现为中国音乐学院教工宿舍；3. 南岸建牌坊和街心公园,,,,《鲁迅与他的北京》
054,钓鱼台,,,风景名胜,阜成门外 4 里许,1,钓鱼台（1925.4-1926.3）,<strong>地点名称：</strong>钓鱼台<br><strong>详细地址：</strong>阜成门外 4 里许<br><strong>地点类型：</strong>风景名胜<br><strong>时间段：</strong>1925.4-1926.3<br><strong>相关历史事件：</strong>三一八惨案<br><strong>主要活动：</strong>1. 1925 年 4 月陪同母亲游览；2. 1926 年 3 月与章川岛、李小峰等九人骑驴同游；3. 金代即为风景胜地，清乾隆年间建行宫，民国初年成为市民游玩场所；4. 第二次游览时正值女师大复校、官司胜诉，心情愉悦<br><strong>现状说明：</strong>1. 1958 年建钓鱼台国宾馆，含古钓台在内；2. 部分区域改为玉渊潭公园（宋庆龄儿童科学公园）；3. 八一湖成为北京人冬泳胜地,,,,《鲁迅与他的北京》
055,法源寺,2315,1298,风景名胜,宣武区教子胡同南头,1,法源寺（1913.5）,<strong>地点名称：</strong>法源寺<br><strong>详细地址：</strong>宣武区教子胡同南头<br><strong>地点类型：</strong>风景名胜<br><strong>时间段：</strong>1913.5<br><strong>相关历史事件：</strong>民国初期社会变革<br><strong>主要活动：</strong>1. 1913 年 5 月 10 日前往参加释迦文佛诞辰纪念大会，因游人过多无法驻足而返；2. 距离绍兴会馆极近，是鲁迅常途经的寺院；3. 北京现存最古老名刹之一，唐贞观年间始建，清代以丁香花事闻名；4. 当时举办水陆道场，追荐隆裕太后及民国死难先烈，展出寺内珍藏宝物、名画<br><strong>现状说明：</strong>1. 建国后为中国佛学院所在地；2. 1980 年接待鉴真塑像巡展，1979 年成立中国佛教图书文物馆；3. 寺内古树、殿宇保存完好,,,,《鲁迅与他的北京》
056,崇效寺,,,风景名胜,宣武门以南白纸坊,1,崇效寺（1913.5）,<strong>地点名称：</strong>崇效寺<br><strong>详细地址：</strong>宣武门以南白纸坊<br><strong>地点类型：</strong>风景名胜<br><strong>时间段：</strong>1913.5<br><strong>相关历史事件：</strong>民国初期社会变革<br><strong>主要活动：</strong>1. 1913 年 5 月与许寿裳同往观牡丹，当时牡丹已近花期尾声；2. 因目睹游客纵酒、寺僧纠缠索布施，印象不佳；3. 旧志以枣花、丁香、牡丹著称<br><strong>现状说明：</strong>1. 原建筑仅存藏经阁，现为白广路小学校办公室；2. 其余房屋拆除，寺院格局无存；3. 花事传统随公园开放逐渐被淡忘,,,,《鲁迅与他的北京》
057,雍和宫,5473,3330,风景名胜,东城北新桥路北（原雍亲王胤祯府邸改建）,1,雍和宫（1913.8）,<strong>地点名称：</strong>雍和宫<br><strong>详细地址：</strong>东城北新桥路北（原雍亲王胤祯府邸改建）<br><strong>地点类型：</strong>风景名胜<br><strong>时间段：</strong>1913.8<br><strong>相关历史事件：</strong>民国初期社会变革<br><strong>主要活动：</strong>1. 1913 年 8 月与戴芦舲、许寿裳同游；2. 游览后前往国子监历史博物馆筹备处；3. 北京最大喇嘛教黄教寺院，清乾隆年间改为喇嘛庙，融合汉藏建筑艺术；4. 寺内有五百罗汉山、白檀木弥勒佛等珍贵文物，正月 “打鬼” 仪式为传统活动<br><strong>现状说明：</strong>1. 现为全国重点文物保护单位，保持原有格局；2. 殿宇、佛像保存完好，定期举办宗教活动；3. 与国子监隔街相望，成为文化旅游热点,,,,《鲁迅与他的北京》
058,碧云寺,,,风景名胜,西郊香山东麓,1,碧云寺（1921.5-1921.9）,<strong>地点名称：</strong>碧云寺<br><strong>详细地址：</strong>西郊香山东麓<br><strong>地点类型：</strong>风景名胜<br><strong>时间段：</strong>1921.5-1921.9<br><strong>相关历史事件：</strong>五四运动影响期<br><strong>主要活动：</strong>1. 1921 年 5 月陪同齐寿山游览；2. 1921 年 6 月为周作人整理养病住所，周作人因肋膜炎在此休养 3 个月；3. 多次前往探视周作人，为其送书、照料；4. 元代始建，明清华丽，金刚宝座塔、罗汉堂为核心景观；5. 环境清幽，是养病、游览的佳处<br><strong>现状说明：</strong>1. 现为香山公园一部分，古建筑保存完好；2. 孙中山纪念堂（曾停灵于此）对外开放；3. 金刚宝座塔、罗汉堂等景观吸引游客,,,,《鲁迅与他的北京》
059,卧佛寺（花市）,,,风景名胜,东花市斜街 36 号（原妙音寺）,1,卧佛寺（花市）（1921.6-1921.7）,<strong>地点名称：</strong>卧佛寺（花市）<br><strong>详细地址：</strong>东花市斜街 36 号（原妙音寺）<br><strong>地点类型：</strong>风景名胜<br><strong>时间段：</strong>1921.6-1921.7<br><strong>相关历史事件：</strong>五四运动影响期<br><strong>主要活动：</strong>1. 1921 年 6-7 月连续 4 次前往，为养病的周作人购买佛书；2. 寺内有丈二卧佛及十三小佛，明清时期即为知名寺院；3. 与曹雪芹有渊源，曹氏曾在此栖身；4. 鲁迅购买的佛书供周作人休养时消遣<br><strong>现状说明：</strong>1. 原建筑多被拆除，仅存大殿（现为国企驻京联络处）和山门（为民居）；2. 卧佛移至法源寺，壁画移至智化寺；3. 院内可见原寺碑石、大砖,,,,《鲁迅与他的北京》
060,护国寺,4989,1610,风景名胜,西城护国寺街西口路北,1,护国寺（1920.4-1923.4）,<strong>地点名称：</strong>护国寺<br><strong>详细地址：</strong>西城护国寺街西口路北<br><strong>地点类型：</strong>风景名胜<br><strong>时间段：</strong>1920.4-1923.4<br><strong>相关历史事件：</strong>五四运动影响期<br><strong>主要活动：</strong>1. 1920 年 4 月游览庙会；2. 1921 年 1 月与徐吉轩视察市集，2 月购买条桌一张；3. 1923 年 3-4 月两次游览；4. 元代始建，清末民初与隆福寺庙会齐名，称 “西庙”；5. 庙会出售玉器、点心、扇子等，有文艺演出，是市民娱乐中心<br><strong>现状说明：</strong>1. 仅存大殿，列为北京市文物保护单位，现封闭保护；2. 庙会逐渐冷落，原有建筑多拆除改建民房；3. 街面保留小吃店、鲜花店，延续部分庙会痕迹,,,,《鲁迅与他的北京》
061,白塔寺（妙应寺）,4416,1106,风景名胜,阜成门内（西三条故居附近）,1,白塔寺（妙应寺）（1924.3-1932.11）,<strong>地点名称：</strong>白塔寺（妙应寺）<br><strong>详细地址：</strong>阜成门内（西三条故居附近）<br><strong>地点类型：</strong>风景名胜<br><strong>时间段：</strong>1924.3-1932.11<br><strong>相关历史事件：</strong>北洋军阀统治后期<br><strong>主要活动：</strong>1. 1924 年 3 月逛庙会，顺便查看西三条新居；2. 1932 年 11 月回平探亲时再次游览；3. 元代始建，以藏式白塔为标志，融合中尼建筑艺术；4. 民国初年庙会为 “四大庙市” 之一，出售食品、百货，有文艺表演；5. 站在西三条故居即可望见白塔<br><strong>现状说明：</strong>1. 现为北京市文物保护单位，白塔及主要殿宇保存；2. 山门、钟鼓楼曾拆除，后修缮；3. 寺内古柏参天，环境清幽,,,,《鲁迅与他的北京》
062,贤良寺,4839,2053,风景名胜,东城东校尉胡同 10 号（原怡亲王允祥府邸改建）,1,贤良寺（1912.12）,<strong>地点名称：</strong>贤良寺<br><strong>详细地址：</strong>东城东校尉胡同 10 号（原怡亲王允祥府邸改建）<br><strong>地点类型：</strong>风景名胜<br><strong>时间段：</strong>1912.12<br><strong>相关历史事件：</strong>民国初期社会变革<br><strong>主要活动：</strong>1. 1912 年 12 月与许寿裳前往拜见章太炎；2. 章太炎当时住在此处，后赴满洲前与鲁迅告别；3. 雍正年间改建为寺，当时尚存，现已不存；4. 清代外省官员进京述职常寓居于此，李鸿章、康有为等曾在此居住<br><strong>现状说明：</strong>1. 原寺已拆除，现为校尉小学教学楼；2. 寺院格局、建筑无存，仅留地名关联,,,,《鲁迅与他的北京》
063,历代帝王庙,4414,1269,风景名胜,阜成门内保安寺旧址,1,历代帝王庙（1923.5-1925.3）,<strong>地点名称：</strong>历代帝王庙<br><strong>详细地址：</strong>阜成门内保安寺旧址<br><strong>地点类型：</strong>风景名胜<br><strong>时间段：</strong>1923.5-1925.3<br><strong>相关历史事件：</strong>五四运动影响期<br><strong>主要活动：</strong>1. 1923 年 5 月参观阿博洛学会画展；2. 1925 年 3 月两次观看陶元庆个人画展，为其撰写展览目录序；3. 明嘉靖年间始建，祭祀历代帝王及名臣，清代增祀至 167 位帝王；4. 正殿景德崇圣殿规模宏大，为核心建筑<br><strong>现状说明：</strong>1. 现为 159 中学校舍，主要建筑保存完好；2. 1994 年全面整修，恢复原貌；3. 大门前石桥、汉白玉台阶拆除，牌坊无存,,,,《鲁迅与他的北京》
064,广化寺,5190,2243,风景名胜,西城区鸦儿胡同 31 号,1,广化寺（1912.8-1913.12）,<strong>地点名称：</strong>广化寺<br><strong>详细地址：</strong>什刹海后海北岸<br><strong>地点类型：</strong>风景名胜<br><strong>时间段：</strong>1912.8-1913.12<br><strong>相关历史事件：</strong>民国初期社会变革<br><strong>主要活动：</strong>1. 1912 年 8 月视察京师图书馆（当时馆址设于此），阅敦煌唐人写经及宋元刻本；2. 1912 年 12 月与夏司长同赴图书馆，途中严寒；3. 元代始建，经多次重修，规模宏大，为什刹海风景区核心景观；4. 协助京师图书馆筹备，为馆藏丰富出谋划策<br><strong>现状说明：</strong>1. 现为北京市佛教协会办公地，主体建筑保存；2. 寺内静谧，经修缮后恢复风貌；3. 仍是什刹海地区重要文化遗迹,,,,《鲁迅与他的北京》
065,绍兴县馆（原山阴会稽邑馆）,2421,1412,会馆,宣武门外南半截胡同路西,1,绍兴县馆（原山阴会稽邑馆）（1912.5-1919.11）,<strong>地点名称：</strong>绍兴县馆（原山阴会稽邑馆）<br><strong>详细地址：</strong>宣武门外南半截胡同路西<br><strong>地点类型：</strong>会馆<br><strong>时间段：</strong>1912.5-1919.11<br><strong>相关历史事件：</strong>五四运动影响期<br><strong>主要活动：</strong>1. 1912 年 5 月 6 日鲁迅迁入，居住 7 年半（离开绍兴后居住最久的场所）；2. 初居藤花馆西房，1916 年因邻居喧哗迁入补树书屋；3. 会馆不供饭，鲁迅常托长班代办晚餐或与友人赴广和居就餐；4. 在此辑校《嵇康集》《谢承后汉书》，研究金石学，搜集 5000-6000 余种拓片（大部分购于此时）；5. 1918 年钱玄同到访引发 “铁屋之辩”，鲁迅在此写出《狂人日记》等五四时期重要作品；6. 周氏兄弟在此迎来五四新文化运动高潮，周作人写下《人的文学》等文<br><strong>现状说明：</strong>1. 现为宣武区文物保护单位（门牌 7 号），居民大杂院；2. 藤花馆房屋全改建，补树书屋槐树 1949 年遭雷击无存；3. 书屋房间虽经改建，大体位置与原貌差异不大,,,,《鲁迅与他的北京》
066,海昌会馆,2463,2225,会馆,宣武区西草厂胡同内教佳胡同北口路东（原敫家坑）,1,海昌会馆（1912.5）,<strong>地点名称：</strong>海昌会馆<br><strong>详细地址：</strong>宣武区西草厂胡同内教佳胡同北口路东（原敫家坑）<br><strong>地点类型：</strong>会馆<br><strong>时间段：</strong>1912.5<br><strong>相关历史事件：</strong>民国初期社会变革<br><strong>主要活动：</strong>1. 1912 年 5 月 13 日鲁迅与许寿裳到访，看望老同学张协和；2. 张协和在此居住期间，鲁迅常与之同赴广和居饮酒、购物、制衣；3. 1919 年鲁迅筹备接家眷入京时，张协和协助四处寻觅住房；4. 鲁迅曾多次借钱给张协和，1933 年还托内山完造为其儿子安排住院治疗<br><strong>现状说明：</strong>1. 会馆大门无存，院内格局面目全非，现为教佳胡同 4 号居民院；2. 原建筑痕迹消失，仅存文献记载关联,,,,《鲁迅与他的北京》
067,吴兴会馆,3187,1874,会馆,菜市口北半截胡同路西（距绍兴县馆咫尺之遥）,1,吴兴会馆（1912.6-1913.）,<strong>地点名称：</strong>吴兴会馆<br><strong>详细地址：</strong>菜市口北半截胡同路西（距绍兴县馆咫尺之遥）<br><strong>地点类型：</strong>会馆<br><strong>时间段：</strong>1912.6-1913.<br><strong>相关历史事件：</strong>民国初期社会变革<br><strong>主要活动：</strong>1. 1912 年 6 月 8 日鲁迅首次到访，拜访教育部同事杨莘士；2. 1912 年 7 月 28 日与钱稻荪、许寿裳、杨莘士在广和居午餐后，同赴会馆欢聚，晚间再赴便宜坊就餐；3. 杨莘士任教育部视学时，鲁迅托其代为搜集金石碑拓（如泰山 “帝” 字碑）；4. 会馆建于明嘉庆年间，原称 “归安会馆”，光绪初年更名，清末沈家本曾筹资扩建<br><strong>现状说明：</strong>1. 建国后全馆拆除，原址盖新式楼房；2. 现为宣武区政协办公所在地，北邻（原听雨楼址）为宣武区人大常委会办公地,,,,《鲁迅与他的北京》
068,南通会馆,2811,1482,会馆,宣武门外大街路东（北邻江西会馆，南毗天门会馆）；现西城区校场口头条 19 号,1,南通会馆（1912.12-1915.1）,<strong>地点名称：</strong>南通会馆<br><strong>详细地址：</strong>宣武门外大街路东（北邻江西会馆，南毗天门会馆）<br><strong>地点类型：</strong>会馆<br><strong>时间段：</strong>1912.12-1915.1<br><strong>相关历史事件：</strong>民国初期社会变革<br><strong>主要活动：</strong>1. 1912 年 12 月 1 日鲁迅首次到访，拜访季自求；2. 季自求与鲁迅因金石研究交往，互赠碑帖（如季赠《大隋开府仪同三司龙山公墓志铭》）；3. 1915 年 1 月鲁迅从季自求处借《墨经正文解义》校读；4. 会馆为中型规模，三进院落加左右跨院，后院房屋装大玻璃窗户，曾有 “庐旅乃构于京…… 科第冠南州” 名联<br><strong>现状说明：</strong>1. 会馆大门尚存，院内盖满自建小厨房，仅存前两进院落；2. 现为宣武门外大街 94 号居民院，格局无存,,,,《鲁迅与他的北京》
069,全浙会馆,2943,1412,会馆,宣武区下斜街中段路西（坐西朝东）,1,全浙会馆（1913.3）,<strong>地点名称：</strong>全浙会馆<br><strong>详细地址：</strong>宣武区下斜街中段路西（坐西朝东）<br><strong>地点类型：</strong>会馆<br><strong>时间段：</strong>1913.3<br><strong>相关历史事件：</strong>民国初期社会变革<br><strong>主要活动：</strong>1. 1913 年 3 月 31 日鲁迅与夏局长、戴芦舲同往，考察戏台及房屋是否适合作 “儿童艺术展览会” 会场；2. 会馆原为清代赵吉士 “寄园”，乾隆年间捐作会馆，光绪年间朴紫泉集资修葺；3. 内设戏楼、花园，清末李慈铭曾在此活动并题联 “归纪续名园…… 长留曲录照寰中”；4. 因 “二次革命” 影响，展览会延期至 1914 年 4 月改在教育部礼堂举办<br><strong>现状说明：</strong>1. 50 年代戏楼、假山被宣武医院拆除占用；2. 现存大门（门外存一石狮）及两进院落，现为长椿街 39 号居民,,,,《鲁迅与他的北京》
070,安庆会馆,2901,1441,会馆,宣武区骡马市大街路北铁门胡同 35 号（距菜市口不足百米）,1,安庆会馆（1913.11-1915.10）,<strong>地点名称：</strong>安庆会馆<br><strong>详细地址：</strong>宣武区骡马市大街路北铁门胡同 35 号（距菜市口不足百米）<br><strong>地点类型：</strong>会馆<br><strong>时间段：</strong>1913.11-1915.10<br><strong>相关历史事件：</strong>民国初期社会变革<br><strong>主要活动：</strong>1. 1913 年 11 月 2 日参加教育部同事王仲猷婚礼；2. 1915 年 10 月 9 日赴常毅箴宴请；3. 会馆建于 1911 年，含 3 层木楼、仿欧式小楼及假山，是民国初年宴会聚集之地；<br><strong>现状说明：</strong>1. 50 年代后被玩具三厂占用，70 年代房屋全拆盖 5 层红砖楼；2. 80 年代工厂迁走，现为北京工商银行培训中心,,,,《鲁迅与他的北京》
071,大荔会馆,2373,1486,会馆,宣武门外西草厂胡同进铁鸟胡同南口 20 米处（坐东朝西）,1,大荔会馆（1916.1）,<strong>地点名称：</strong>大荔会馆<br><strong>详细地址：</strong>宣武门外西草厂胡同进铁鸟胡同南口 20 米处（坐东朝西）<br><strong>地点类型：</strong>会馆<br><strong>时间段：</strong>1916.1<br><strong>相关历史事件：</strong>民国初期社会变革<br><strong>主要活动：</strong>1. 1916 年 10 月 10 日鲁迅赴琉璃厂途中，到访拜访章介眉（未遇）；2. 章介眉为鲁迅姑祖父族人，此前曾到访绍兴会馆回访鲁迅；3. 会馆建于清代，馆匾由张久博题写（落款陕西 “平利”），为三进小型院落，十几间住房；4. 铁鸟胡同（原铁老鹳庙巷）清末民初为《京报》及报房集中地<br><strong>现状说明：</strong>1. 会馆大门尚存（墨绿色，门道宽阔），现为铁鸟胡同 4 号居民院；2. 三进院落格局面目全非，原建筑痕迹模糊,,,,《鲁迅与他的北京》
072,江西会馆,,,会馆,宣武门外大街路东,1,江西会馆（1920.4-1920.5）,<strong>地点名称：</strong>江西会馆<br><strong>详细地址：</strong>宣武门外大街路东<br><strong>地点类型：</strong>会馆<br><strong>时间段：</strong>1920.4-1920.5<br><strong>相关历史事件：</strong>五四运动影响期<br><strong>主要活动：</strong>1. 1920 年 4 月 16 日赴国乐研究会活动；2. 1920 年 4 月 25 日赴高阆仙宴请；3. 1920 年 5 月 2 日为高阆仙母亲 80 寿辰前往祝贺并观剧两出；4. 会馆建于 1883 年，馆匾为张勋所题，设戏台、罩棚（容 2000 人），民国初年为重要集会场所（如 1916 年反对法占天津老西开大会）；5. 谭鑫培、梅兰芳等曾在此演堂会戏<br><strong>现状说明：</strong>1. 建国后成为市第三服装厂厂房，雕花门楼、半西式楼房曾保留；2. 80 年代夷为平地，盖长城风雨衣公司大楼，1995 年改挂 “中国投资银行” 牌,,,,《鲁迅与他的北京》
073,南昌会馆,5810,1872,会馆,宣武门外大街路东 162-166 号院（距菜市口丁字街不足百米）,1,南昌会馆（1921.8）,<strong>地点名称：</strong>南昌会馆<br><strong>详细地址：</strong>宣武门外大街路东 162-166 号院（距菜市口丁字街不足百米）<br><strong>地点类型：</strong>会馆<br><strong>时间段：</strong>1921.8<br><strong>相关历史事件：</strong>五四运动影响期<br><strong>主要活动：</strong>1. 1921 年 8 月 23 日鲁迅到访，拜访北大同事张凤举；2. 会馆原为南昌人熊直宗祖产，清雍正二年（1724）捐建，后扩建为三院并连格局；3. 传说张勋曾在此集资修葺；有关他与康有为是否在该处策划政治活动，应以当年报刊与党史档案为准；4. 张凤举住此后，鲁迅常与之交往，1924 年鲁迅从八道湾取书遭周作人殴打时，张凤举主持公道<br><strong>现状说明：</strong>1. 院内盖满自建小厨房，仅存部分老房屋（高大气派）及 6 角小亭子（砖砌为住房）；2. 164 与 166 号院相通圆门被堵，门楣石刻尚存,,,,《鲁迅与他的北京》
074,池田医院,,,医院,石驸马大街（现新文化街）东口路北,1,池田医院（1912.8-1919 年底）,<strong>地点名称：</strong>池田医院<br><strong>详细地址：</strong>石驸马大街（现新文化街）东口路北<br><strong>地点类型：</strong>医院<br><strong>时间段：</strong>1912.8-1919 年底<br><strong>相关历史事件：</strong>五四运动影响期<br><strong>主要活动：</strong>依据《鲁迅日记》与当年回忆，鲁迅自1912年8月起曾在池田（日本人所办）医院就诊数次，记有咳嗽、头痛等症状并接受外用与内服处方；有关该院近代改建为二龙路医院及现址变迁请以城建档案/地方志为准并在正文注出处。<br><strong>现状说明：</strong>30 年代停办，后改为中国人私人医院，建国后改建为二龙路医院，现二龙路医院已迁走，原址为小型商店,,,,《鲁迅与他的北京》
075,山本医院,,,医院,初址：东城八宝胡同；1920 年迁址：旧刑部街（今民族文化宫西侧）,1,山本医院（1920.7-1926.8）,<strong>地点名称：</strong>山本医院<br><strong>详细地址：</strong>初址：东城八宝胡同；1920 年迁址：旧刑部街（今民族文化宫西侧）<br><strong>地点类型：</strong>医院<br><strong>时间段：</strong>1920.7-1926.8<br><strong>相关历史事件：</strong>五四运动影响期<br><strong>主要活动：</strong>1. 1920 年 7 月为患病母亲延请医生诊治；2. 1921 年周作人患肋膜炎住院约 2 个月，鲁迅多次探视；3. 1923 年鲁迅因兄弟失和患肺病就诊；4. 1925 年女师大风潮期间肺病复发，在此治疗；5. 1926 年 “三?一八” 惨案后，鲁迅在此避难 11 天，期间撰写《纪念刘和珍君》等 4 篇文章；6. 鲁迅一家（母亲、周作人家人）均曾在此看病，与院长山本忠孝关系密切<br><strong>现状说明：</strong>1994 年底因城市改造拆除，原址现为高楼大厦区域,,,,《鲁迅与他的北京》
076,同仁会北京医院（原日华同仁医院）,3607,3195,医院,东单三条（协和医科大学斜对面，原豫王府外花园基础上修建）,1,同仁会北京医院（原日华同仁医院）（1920.5-1920.7）,<strong>地点名称：</strong>同仁会北京医院（原日华同仁医院）<br><strong>详细地址：</strong>东单三条（协和医科大学斜对面，原豫王府外花园基础上修建）<br><strong>地点类型：</strong>医院<br><strong>时间段：</strong>1920.5-1920.7<br><strong>相关历史事件：</strong>五四运动影响期<br><strong>主要活动：</strong>1. 1920 年 5 月送患肺炎的侄子周沛住院，昼夜看护，直至病情稳定；2. 1920 年 7 月直皖战争期间，送母亲及家中妇孺到此暂避；3. 医院 1912 年 1 月开诊，初名日华同仁医院，<br><strong>现状说明：</strong>1945 年日本投降后被接收为北平市立第三医院，1959 年改为东单三条儿童医院，1987 年拆除，1994 年迁至灯市西口柏树胡同并更名东单儿童医院,,,,《鲁迅与他的北京》
077,德国医院（现北京医院前身）,3251,3101,医院,东交民巷东北方向，毗邻东单公园,1,德国医院（现北京医院前身）（1926.4）,<strong>地点名称：</strong>德国医院（现北京医院前身）<br><strong>详细地址：</strong>东交民巷东北方向，毗邻东单公园<br><strong>地点类型：</strong>医院<br><strong>时间段：</strong>1926.4<br><strong>相关历史事件：</strong>三一八惨案<br><strong>主要活动：</strong>1926 年 4 月避难期间，因医院不愿收留无病者，后转移至法国医院；与许寿裳等 10 余人同住大房间、白天以面包罐头充饥的场景发生于法国医院<br><strong>现状说明：</strong>现为北京医院，保留部分历史建筑基础，扩建为现代化大型综合医院，是北京重要的干部保健及综合医疗机构,,,,《鲁迅与他的北京》
078,西山模石山病院（1929 年）,,,医院,今石景山区模式口东侧福寿岭（1923 年创办，同仁医院附属）,1,西山模石山病院（1929 年）（1921.5-1929.5）,<strong>地点名称：</strong>西山模石山病院（1929 年）<br><strong>详细地址：</strong>今石景山区模式口东侧福寿岭（1923 年创办，同仁医院附属）<br><strong>地点类型：</strong>医院<br><strong>时间段：</strong>1921.5-1929.5<br><strong>相关历史事件：</strong>五四运动影响期<br><strong>主要活动：</strong>1921 年 5 月为周作人整理碧云寺般若堂疗养住所；1929 年 5 月 30 日赴西山模石山病院看望韦素园<br><strong>现状说明：</strong>遗迹已消失，原址附近曾有北京铁路分局工人疗养院（前身为 1933 年卢永春创办的北平西山平民疗养院，与本品医院非同一机构），现无明确原医院遗存,,,,《鲁迅与他的北京》
079,前门火车站（京奉 / 京汉铁路车站）,3073,2510,避难所,前门地区（京奉火车站在前门东站，京汉火车站在前门西站）,1,前门火车站（京奉 / 京汉铁路车站）（1912.5-1932.11）,<strong>地点名称：</strong>前门火车站（京奉 / 京汉铁路车站）<br><strong>详细地址：</strong>前门地区（京奉火车站在前门东站，京汉火车站在前门西站）<br><strong>地点类型：</strong>避难所<br><strong>时间段：</strong>1912.5-1932.11<br><strong>相关历史事件：</strong>民国初期社会变革<br><strong>主要活动：</strong>1. 1912 年 5 月鲁迅随教育部北上抵京，大概率经前门火车站入城；2. 1913 年 6 月回绍兴探亲、1919 年 12 月回绍兴搬家、1926 年 8 月南下厦门任教、1929 年 5 月 / 1932 年 11 月回平探亲，均在此上下车；3. 民国初年前门火车站为全国交通枢纽，外地赴京或出京必经之地，鲁迅出入北京十余次均依赖此站；4. 车站周边为繁华商业区，鲁迅常在此附近购物、宴饮（如致美斋、厚德福等）<br><strong>相关人物：</strong>许寿裳、周建人、鲁瑞、车站工作人员<br><strong>现状说明：</strong>/,,,,《鲁迅与他的北京》
080,船板胡同新华旅馆,3147,3324,避难所,东城船板胡同中部路南（现为船板胡同 26 号）,1,船板胡同新华旅馆（1917.7）,<strong>地点名称：</strong>船板胡同新华旅馆<br><strong>详细地址：</strong>东城船板胡同中部路南（现为船板胡同 26 号）<br><strong>地点类型：</strong>避难所<br><strong>时间段：</strong>1917.7<br><strong>相关历史事件：</strong>民国初期社会变革<br><strong>主要活动：</strong>1. 1917 年 7 月张勋复辟期间，鲁迅与周作人在齐寿山协助下，于 7 月 7 日迁入避难，住至 7 月 14 日；2. 避难期间恰逢南苑航空学校投弹，城内谣言四起、觅食困难，鲁迅曾托齐寿山发电报报平安，12 日战事平息后仍暂居；3. 7 月 12 日段祺瑞讨逆军攻破张勋住宅后，鲁迅与王华祝、张仲苏等赴义兴局（齐家粮食店）就餐；4. 旅馆为小型旧建筑，当时聚集多位避难者，鲁迅兄弟在此度过复辟之乱全程<br><strong>相关人物：</strong>齐寿山、周作人、王华祝、张仲苏<br><strong>现状说明：</strong>/,,,,《鲁迅与他的北京》
081,莽原社（锦什坊街办公地）,4231,1116,避难所,西城锦什坊街 96 号（荆有麟住处）,1,莽原社（锦什坊街办公地）（1926.3）,<strong>地点名称：</strong>莽原社（锦什坊街办公地）<br><strong>详细地址：</strong>西城锦什坊街 96 号（荆有麟住处）<br><strong>地点类型：</strong>避难所<br><strong>时间段：</strong>1926.3<br><strong>相关历史事件：</strong>三一八惨案<br><strong>主要活动：</strong>1. 1926 年 “三?一八” 惨案后，鲁迅最初的避难场所，住 3 天；2. 避难期间荆有麟将自己的房间让给鲁迅，鲁迅白天看书、写作，晚间外出打探时政消息；3. 曾有疑似侦探的青年到访，鲁迅伪装 “乡巴佬” 应对，因担心暴露，4 天后转移至山本医院；4. 社址为两间普通住房，一间住人、一间办公，是鲁迅领导的进步文学社团莽原社的办公地，平时用于编辑《莽原》周刊<br><strong>相关人物：</strong>荆有麟、向培良、高长虹、疑似侦探的青年<br><strong>现状说明：</strong>/,,,,《鲁迅与他的北京》
082,新青年杂志社,3978,2699,杂志社,东城北池子大街箭杆胡同 9 号（陈独秀故居）,1,新青年杂志社（1917.1-1920.9）,<strong>地点名称：</strong>新青年杂志社<br><strong>详细地址：</strong>东城北池子大街箭杆胡同 9 号（陈独秀故居）<br><strong>地点类型：</strong>杂志社<br><strong>时间段：</strong>1917.1-1920.9<br><strong>相关历史事件：</strong>新文化运动<br><strong>主要活动：</strong>1. 1917 年编辑部迁至此处，实行编委会负责制，鲁迅加入编委会；2. 1918 年起全部改为白话文，鲁迅在此发表《狂人日记》《我之节烈观》等 54 篇作品；3. 1920 年 9 月编辑部迁至上海<br><strong>相关人物：</strong>陈独秀、李大钊、胡适、鲁迅<br><strong>现状说明：</strong>原为四合院，现院门及门前小石狮子尚存，院内盖满自建小厨房，门牌改为箭杆胡同 20 号<br><strong>相关作品：</strong>前身为《青年杂志》，1916 年更名《新青年》,,,,《鲁迅与他的北京》
083,新潮社,4454,2658,杂志社,北大一院（沙滩红楼）一层,1,新潮社（1918.10-1924 年后）,<strong>地点名称：</strong>新潮社<br><strong>详细地址：</strong>北大一院（沙滩红楼）一层<br><strong>地点类型：</strong>杂志社<br><strong>时间段：</strong>1918.10-1924 年后<br><strong>相关历史事件：</strong>新文化运动<br><strong>主要活动：</strong>1. 1918 年 10 月形成，1919 年 1 月创刊《新潮》月刊；2. 鲁迅发表《明天》等作品，支持刊物发展；3. 出版鲁迅《呐喊》《中国小说史略》等著作；4. 后社址曾作为语丝社办公地<br><strong>相关人物：</strong>傅斯年、罗家伦、周作人、孙伏园<br><strong>现状说明：</strong>北大沙滩红楼为国家重点文物保护单位，新潮社旧址与李大钊工作室相邻，保留历史风貌<br><strong>相关作品：</strong>提倡白话文，反对封建伦理，后逐渐向右转<br><strong>备注：</strong>后,,,,《鲁迅与他的北京》
084,语丝社,4454,2658,杂志社,初期依托北大一院新潮社址，后由北新书局发行,1,语丝社（1924.11-1926 年后）,<strong>地点名称：</strong>语丝社<br><strong>详细地址：</strong>初期依托北大一院新潮社址，后由北新书局发行<br><strong>地点类型：</strong>杂志社<br><strong>时间段：</strong>1924.11-1926 年后<br><strong>相关历史事件：</strong>北洋军阀统治后期<br><strong>主要活动：</strong>1. 1924 年 11 月创刊《语丝》周刊，随《京报》附送；2. 鲁迅为核心支持者，发表 60 余篇杂文、散文诗；3. 鲁迅垫付印刷费，多次到社址商议编务<br><strong>相关人物：</strong>孙伏园、周作人、钱玄同、李小峰<br><strong>现状说明：</strong>无独立社址遗存，北大沙滩红楼保留相关历史印记<br><strong>相关作品：</strong>刊物以反帝反封建为倾向，与甲寅派、现代评论派展开论争<br><strong>备注：</strong>后,,,,《鲁迅与他的北京》
085,莽原社,4310,1122,杂志社,西城锦什坊街 96 号（荆有麟住处）,1,莽原社（1925.4-1926.8）,<strong>地点名称：</strong>莽原社<br><strong>详细地址：</strong>西城锦什坊街 96 号（荆有麟住处）<br><strong>地点类型：</strong>杂志社<br><strong>时间段：</strong>1925.4-1926.8<br><strong>相关历史事件：</strong>北洋军阀统治后期<br><strong>主要活动：</strong>1. 1925 年 4 月成立，编辑《莽原》周刊，随《京报》附送；2. 鲁迅发表《论 “费厄泼赖” 应该缓行》等 20 余篇作品；3. 1926 年 “三?一八” 惨案后，鲁迅在此避难 3 天；4. 1926 年 8 月鲁迅南下后，社团因内部冲突解散<br><strong>相关人物：</strong>荆有麟、向培良、高长虹、鲁迅<br><strong>现状说明：</strong>原四合院已拆除，70 年代盖起简易二层楼房，无原社址痕迹<br><strong>相关作品：</strong>社名取自字典，报头由 8 岁儿童胡兴元书写,,,,《鲁迅与他的北京》
086,未名社,4414,2597,杂志社,1. 新开路 5 号（韦素园住处）；2. 西老胡同 1 号；3. 景山东街 40 号,1,未名社（1925.7-1931.5）,<strong>地点名称：</strong>未名社<br><strong>详细地址：</strong>1. 新开路 5 号（韦素园住处）；2. 西老胡同 1 号；3. 景山东街 40 号<br><strong>地点类型：</strong>杂志社<br><strong>时间段：</strong>1925.7-1931.5<br><strong>相关历史事件：</strong>北洋军阀统治后期<br><strong>主要活动：</strong>1. 1925 年 7 月成立，出版《未名丛刊》《未名新集》；2. 鲁迅翻译《出了象牙之塔》，指导社团发展；3. 1928 年因被指为共产党机关查封，后恢复；4. 1931 年因成员变动及内部问题解体<br><strong>相关人物：</strong>韦素园、台静农、曹靖华、鲁迅<br><strong>现状说明：</strong>1. 新开路 5 号现为沙滩南巷 13 号居民院；2. 西老胡同 1 号仍为居民院，曾为北大地下党活动场所；3. 景山东街 40 号老房拆除，现为人民教育出版社售书门市部<br><strong>相关作品：</strong>以介绍苏联文学为核心，开架售书，成为进步书刊交流场所,,,,《鲁迅与他的北京》
087,晨报馆,2903,1503,杂志社,宣武区菜市口丞相胡同（现菜市口胡同 21 号）,1,晨报馆（1919.12-1924.10）,<strong>地点名称：</strong>晨报馆<br><strong>详细地址：</strong>宣武区菜市口丞相胡同（现菜市口胡同 21 号）<br><strong>地点类型：</strong>杂志社<br><strong>时间段：</strong>1919.12-1924.10<br><strong>相关历史事件：</strong>新文化运动延续<br><strong>主要活动：</strong>1. 前身为《晨钟报》，1919 年改革第七版，后独立为《晨报副刊》；2. 鲁迅发表《一件小事》《阿 Q 正传》等 60 余篇作品；3. 1924 年因《我的失恋》诗稿被抽，孙伏园辞职，鲁迅停止供稿<br><strong>相关人物：</strong>孙伏园、蒲伯英、许钦文<br><strong>现状说明：</strong>旧址现为光明日报职工宿舍，院内有一栋二层白色小楼，房屋已较破旧<br><strong>相关作品：</strong>民国初年北京著名大报，副刊为新文化运动四大副刊之一,,,,《鲁迅与他的北京》
088,第一舞台,2533,2234,影剧院,前门外西珠市口柳树井街路北,1,第一舞台（1915.1-1922.6）,<strong>地点名称：</strong>第一舞台<br><strong>详细地址：</strong>前门外西珠市口柳树井街路北<br><strong>地点类型：</strong>影剧院<br><strong>时间段：</strong>1915.1-1922.6<br><strong>相关历史事件：</strong>民国初期社会变革<br><strong>主要活动：</strong>1. 1915 年元旦观看湖北水灾赈灾京剧义演；2. 1919 年 6 月观看北大新剧团演出《终身大事》《新村正》；3. 1922 年 4 月陪同爱罗先珂观看俄国歌剧《游牧情》；4. 1922 年 6 月陪同母亲观看俄国歌舞剧<br><strong>相关人物：</strong>杨小楼、姚佩秋、爱罗先珂、周作人<br><strong>现状说明：</strong>1937 年冬因火灾全部烧毁，原址现为柳树井幼儿园，保留地名指引,,,,《鲁迅与他的北京》
089,开明影院,2485,1882,影剧院,珠市口西大街路南,1,开明影院（1924.4.19）,<strong>地点名称：</strong>开明影院<br><strong>详细地址：</strong>珠市口西大街路南<br><strong>地点类型：</strong>影剧院<br><strong>时间段：</strong>1924.4.19<br><strong>相关历史事件：</strong>北洋军阀统治后期<br><strong>主要活动：</strong>1924 年 4 月观看非洲探险影片，缓解修缮房屋后的疲劳<br><strong>相关人物：</strong>无直接关联人物记载<br><strong>现状说明：</strong>1922 年建成，建国后更名民主剧场、珠市口影院，1995 年整修后恢复 “开明影院” 原名，保留罗马式建筑风貌，内部增设现代化设施,,,,《鲁迅与他的北京》
090,真光电影剧场,3827,2868,影剧院,北京市东城区东安门大街 64 号,1,真光电影剧场（1924.11）,<strong>地点名称：</strong>真光电影剧场<br><strong>详细地址：</strong>东安门大街路南<br><strong>地点类型：</strong>影剧院<br><strong>时间段：</strong>1924.11<br><strong>相关历史事件：</strong>北洋军阀统治后期<br><strong>主要活动：</strong>1924 年 11 月 30 日观看电影，后邀王品青等友人在附近中兴楼午餐；2. 孙伏园等曾在此门前兜售《语丝》周刊<br><strong>相关人物：</strong>罗明佑、孙伏园、李小峰<br><strong>现状说明：</strong>建国后改称北京剧场、儿童剧场，外部保留老真光原状，内部装修为童话风格，成为少年儿童活动场所,,,,《鲁迅与他的北京》
091,协和医科大学礼堂,3569,3158,影剧院,东单三条北侧（协和医科大学内，与协和医院相对）,1,协和医科大学礼堂（1922.12-1924.5）,<strong>地点名称：</strong>协和医科大学礼堂<br><strong>详细地址：</strong>东单三条北侧（协和医科大学内，与协和医院相对）<br><strong>地点类型：</strong>影剧院<br><strong>时间段：</strong>1922.12-1924.5<br><strong>相关历史事件：</strong>五四运动后思想解放<br><strong>主要活动：</strong>1. 1922 年 12 月观看燕京女校演出莎士比亚《无风浪起》；2. 1924 年 5 月参加新月社为泰戈尔祝寿活动，观看英语演出《契忒罗》<br><strong>相关人物：</strong>泰戈尔、胡适、梁启超、徐志摩<br><strong>现状说明：</strong>礼堂外观为中国传统建筑风格，内部为西式装备，原有木制长椅等旧物保存完好，现为协和医科大学集会场所,,,,《鲁迅与他的北京》
